order_id,customer_id,order_date,amount,status
1,655,2025-03-26,744.13,completed
2,251,2025-03-21,739.11,completed
3,693,2024-11-30,549.91,completed
4,605,2024-05-09,39.5,completed
5,224,2023-08-15,606.0,completed
6,575,2024-10-31,653.39,completed
7,559,2024-05-17,454.72,completed
8,285,2025-05-01,16.43,failed
9,826,2024-01-26,428.39,completed
10,285,2023-10-10,957.64,completed
11,345,2023-07-10,386.13,completed
12,368,2024-02-29,607.69,failed
13,827,2024-10-04,464.83,completed
14,128,2025-02-22,384.75,failed
15,566,2024-03-26,632.35,completed
16,907,2024-03-07,581.58,failed
17,722,2024-05-03,664.65,completed
18,792,2025-05-18,88.99,completed
19,239,2024-11-08,386.32,failed
20,465,2024-04-07,371.18,completed
21,380,2024-06-20,673.47,completed
22,719,2024-02-04,651.56,failed
23,624,2024-10-16,538.8,completed
24,251,2023-07-15,385.66,completed
25,948,2023-10-23,561.38,completed
26,702,2024-04-02,770.63,completed
27,58,2023-07-25,41.78,completed
28,324,2024-02-01,75.53,completed
29,936,2025-06-12,877.6,failed
30,323,2023-10-15,504.24,completed
31,906,2025-05-29,464.26,failed
32,272,2024-09-22,747.54,completed
33,552,2023-07-10,588.74,completed
34,920,2023-09-11,368.38,completed
35,142,2024-10-06,100.0,completed
36,49,2023-12-02,161.31,failed
37,164,2025-03-09,427.94,completed
38,66,2024-02-19,599.93,completed
39,480,2024-07-21,971.37,completed
40,882,2024-12-27,683.48,failed
41,118,2025-02-16,541.6,completed
42,274,2025-01-17,346.77,completed
43,301,2024-07-19,459.19,completed
44,977,2025-02-18,722.48,completed
45,996,2024-09-14,186.87,completed
46,935,2024-12-25,629.05,completed
47,862,2024-03-14,612.88,completed
48,157,2025-06-20,169.93,completed
49,977,2023-12-04,535.05,completed
50,1,2024-04-10,493.72,completed
51,115,2025-03-27,879.93,failed
52,852,2024-09-15,247.06,failed
53,247,2023-07-16,947.48,failed
54,88,2024-11-12,817.86,completed
55,779,2025-01-05,134.5,completed
56,676,2023-10-15,554.31,completed
57,272,2024-04-12,610.53,completed
58,988,2025-02-02,543.9,completed
59,748,2024-11-06,715.82,completed
60,409,2023-08-20,653.38,failed
61,449,2023-08-20,456.97,failed
62,254,2025-06-16,344.7,completed
63,603,2023-12-12,592.56,completed
64,8,2024-09-02,634.79,completed
65,235,2024-07-16,41.1,completed
66,339,2024-09-09,245.62,completed
67,686,2024-10-22,543.84,completed
68,741,2024-08-19,575.33,failed
69,485,2025-01-11,478.24,completed
70,417,2024-05-10,105.96,completed
71,442,2024-08-12,416.99,completed
72,885,2025-01-10,676.63,completed
73,662,2023-09-23,408.6,completed
74,348,2025-04-09,118.18,failed
75,197,2025-05-03,454.13,completed
76,433,2024-08-03,468.0,completed
77,896,2025-03-01,448.7,failed
78,883,2023-07-30,106.93,failed
79,668,2024-10-04,837.67,failed
80,993,2024-06-21,756.03,completed
81,243,2024-11-14,490.78,completed
82,219,2024-08-01,903.42,failed
83,169,2024-07-29,985.46,completed
84,272,2024-05-28,787.28,failed
85,293,2024-02-22,957.74,completed
86,803,2024-01-16,721.22,completed
87,159,2023-11-19,225.52,completed
88,60,2025-03-31,546.77,completed
89,766,2024-09-09,59.64,completed
90,489,2024-02-03,854.19,completed
91,162,2025-05-28,512.75,completed
92,872,2023-12-27,599.08,completed
93,692,2024-03-02,409.74,failed
94,965,2023-12-26,253.75,failed
95,609,2025-03-02,91.16,completed
96,674,2025-02-06,527.55,completed
97,958,2024-03-28,673.03,completed
98,322,2023-12-17,401.83,completed
99,688,2024-06-09,462.65,completed
100,952,2024-02-20,81.82,completed
101,470,2025-01-22,567.36,completed
102,103,2023-09-18,221.02,completed
103,272,2024-12-10,355.52,completed
104,71,2023-12-25,375.83,failed
105,162,2024-05-31,547.79,completed
106,310,2025-01-10,987.36,completed
107,670,2025-05-04,671.18,completed
108,568,2024-05-04,666.75,completed
109,962,2024-03-28,271.82,failed
110,912,2023-08-21,557.69,completed
111,279,2024-03-20,218.52,completed
112,352,2024-08-29,637.9,completed
113,271,2024-07-17,258.61,completed
114,930,2023-08-19,101.38,failed
115,434,2025-05-31,53.65,failed
116,342,2024-03-28,640.74,completed
117,269,2024-11-09,447.42,completed
118,723,2024-07-01,19.57,completed
119,78,2024-10-03,694.11,failed
120,153,2023-12-16,836.25,completed
121,597,2024-06-03,435.49,completed
122,43,2025-02-20,899.99,completed
123,816,2024-05-11,49.5,failed
124,367,2023-12-16,257.03,completed
125,106,2024-09-05,564.28,completed
126,896,2025-03-24,624.45,completed
127,159,2025-03-24,244.37,failed
128,167,2023-09-26,812.66,failed
129,903,2025-06-09,187.57,completed
130,947,2024-08-11,931.51,completed
131,822,2023-12-28,737.71,completed
132,255,2025-02-13,789.5,completed
133,111,2025-05-27,48.34,completed
134,482,2024-05-02,818.42,completed
135,472,2024-11-25,822.33,completed
136,893,2024-09-17,33.43,completed
137,198,2024-11-19,285.82,completed
138,72,2023-10-06,286.33,failed
139,657,2024-10-03,682.72,completed
140,864,2024-01-09,939.84,completed
141,119,2025-02-28,268.6,failed
142,595,2024-01-29,272.81,failed
143,112,2024-03-12,352.23,completed
144,806,2024-02-19,610.15,completed
145,524,2023-09-20,900.51,completed
146,195,2023-08-23,711.7,completed
147,2,2024-05-03,808.45,completed
148,704,2024-05-13,744.53,completed
149,687,2024-07-17,436.98,completed
150,972,2023-10-14,336.9,completed
151,322,2024-09-10,133.38,completed
152,922,2024-07-08,316.19,completed
153,419,2024-10-24,700.24,completed
154,568,2025-05-05,426.24,completed
155,963,2025-02-10,750.65,completed
156,179,2023-11-21,307.94,completed
157,562,2025-05-19,310.84,failed
158,216,2023-11-07,584.18,completed
159,671,2025-05-01,447.37,completed
160,692,2024-06-07,478.45,completed
161,923,2023-07-03,738.6,failed
162,675,2023-10-28,520.3,completed
163,649,2023-09-22,102.45,completed
164,975,2024-05-11,676.07,completed
165,231,2024-01-11,155.88,failed
166,48,2025-02-04,480.38,completed
167,871,2024-08-24,460.86,completed
168,908,2024-12-24,202.49,completed
169,714,2025-06-12,405.66,completed
170,152,2024-06-19,15.49,completed
171,769,2025-01-17,886.61,failed
172,798,2023-09-07,184.13,completed
173,981,2023-09-27,469.9,completed
174,571,2025-04-26,849.85,completed
175,468,2023-07-17,470.0,completed
176,544,2025-03-29,599.5,failed
177,973,2024-05-21,448.15,completed
178,835,2023-07-09,509.73,completed
179,851,2024-12-07,451.45,failed
180,163,2023-10-28,479.93,completed
181,266,2023-08-16,841.46,completed
182,284,2023-10-01,526.09,completed
183,642,2024-07-24,445.47,completed
184,731,2025-04-24,279.0,completed
185,328,2024-08-05,89.77,failed
186,155,2025-06-03,697.01,completed
187,724,2024-04-17,420.72,completed
188,339,2025-05-23,421.62,completed
189,212,2024-05-14,395.58,failed
190,789,2024-03-22,698.57,completed
191,878,2023-09-27,579.93,failed
192,489,2024-04-28,358.24,completed
193,772,2024-12-13,892.73,completed
194,856,2024-08-26,750.04,completed
195,560,2023-12-25,898.83,completed
196,500,2024-12-25,441.48,completed
197,30,2024-02-03,672.18,completed
198,818,2023-09-21,173.39,completed
199,479,2024-03-08,980.91,failed
200,547,2025-05-18,400.08,completed
201,578,2025-03-22,93.11,completed
202,439,2025-05-18,467.08,completed
203,52,2024-03-08,334.08,completed
204,466,2024-09-22,763.62,completed
205,389,2024-10-05,951.69,completed
206,432,2024-10-11,91.09,completed
207,20,2023-09-12,61.56,completed
208,975,2025-01-01,653.64,completed
209,800,2023-07-26,49.86,failed
210,32,2023-08-17,207.37,failed
211,21,2025-01-14,246.16,completed
212,485,2025-06-05,568.33,completed
213,224,2024-03-22,263.68,completed
214,378,2024-06-03,611.18,completed
215,766,2025-05-28,780.01,completed
216,168,2024-05-03,117.02,failed
217,27,2024-10-22,580.04,failed
218,930,2024-06-04,402.69,failed
219,733,2025-01-16,596.18,completed
220,851,2025-03-30,110.88,completed
221,792,2024-05-24,687.42,completed
222,825,2024-01-31,984.01,completed
223,802,2025-01-29,537.42,completed
224,678,2024-06-25,510.9,completed
225,350,2024-12-15,425.86,completed
226,502,2023-10-03,961.18,completed
227,651,2025-01-10,465.14,failed
228,157,2023-11-10,736.46,completed
229,989,2025-01-03,619.75,completed
230,942,2025-02-04,488.66,completed
231,447,2024-09-20,596.55,failed
232,331,2025-06-01,832.42,failed
233,89,2025-03-18,456.29,completed
234,769,2025-06-17,614.23,completed
235,389,2024-07-20,499.36,completed
236,333,2023-08-25,220.0,completed
237,817,2023-10-17,286.86,completed
238,611,2025-05-16,283.51,completed
239,11,2023-06-27,199.15,completed
240,248,2024-09-24,493.69,completed
241,777,2024-09-23,481.33,completed
242,729,2024-04-03,795.0,completed
243,96,2024-11-25,410.36,completed
244,250,2024-11-06,585.74,completed
245,485,2024-06-07,350.32,completed
246,764,2024-04-10,358.29,completed
247,465,2024-02-24,258.89,completed
248,124,2024-05-26,322.39,completed
249,761,2023-11-05,764.57,completed
250,190,2024-07-20,741.22,completed
251,284,2025-01-02,976.84,completed
252,538,2024-09-19,980.71,completed
253,853,2024-01-23,235.21,completed
254,184,2025-02-10,710.94,completed
255,130,2023-09-04,974.55,completed
256,567,2023-12-18,944.65,completed
257,654,2024-02-06,495.97,failed
258,894,2024-07-08,291.5,completed
259,491,2024-03-11,192.52,completed
260,53,2023-07-28,863.11,completed
261,117,2024-09-01,406.7,failed
262,76,2024-07-27,689.59,completed
263,156,2025-05-17,567.21,completed
264,312,2024-08-01,255.71,completed
265,572,2024-09-13,610.25,completed
266,810,2024-07-19,777.94,completed
267,390,2025-04-06,448.29,completed
268,881,2025-06-10,434.54,completed
269,583,2024-05-17,613.53,completed
270,758,2024-01-28,765.11,completed
271,641,2024-02-26,663.82,completed
272,161,2024-04-14,556.47,completed
273,161,2024-02-23,456.0,completed
274,609,2025-01-29,42.31,completed
275,296,2023-11-06,705.96,completed
276,465,2023-10-10,241.09,completed
277,271,2023-07-23,628.81,completed
278,678,2025-03-14,205.84,failed
279,118,2025-01-11,651.16,completed
280,931,2025-05-06,150.81,completed
281,62,2025-01-08,314.54,completed
282,767,2023-12-01,921.98,failed
283,450,2024-05-20,691.79,completed
284,717,2024-07-28,279.52,completed
285,553,2024-01-23,89.64,completed
286,41,2024-09-09,737.19,failed
287,619,2025-05-04,100.41,completed
288,985,2024-10-11,861.91,completed
289,602,2024-02-20,999.58,failed
290,689,2023-09-06,580.48,failed
291,782,2024-03-16,475.8,completed
292,668,2024-01-28,285.38,completed
293,600,2023-10-27,816.1,completed
294,993,2023-09-21,354.48,completed
295,342,2024-01-30,113.55,completed
296,165,2024-01-19,696.74,completed
297,296,2024-07-02,406.45,completed
298,779,2024-05-26,460.28,completed
299,323,2023-12-11,124.76,completed
300,792,2025-05-08,519.45,completed
301,2,2023-10-30,547.17,completed
302,424,2024-01-31,523.25,completed
303,638,2025-06-19,629.15,completed
304,779,2025-06-02,274.39,completed
305,135,2024-01-08,443.73,failed
306,716,2024-10-03,38.58,completed
307,646,2025-01-26,246.9,completed
308,163,2023-09-11,23.54,completed
309,418,2025-06-08,992.33,completed
310,935,2023-12-17,947.59,completed
311,664,2024-11-19,503.39,failed
312,734,2024-01-23,708.36,completed
313,426,2023-10-08,980.44,failed
314,250,2023-09-03,153.2,completed
315,196,2023-11-28,513.16,failed
316,901,2024-08-22,79.11,completed
317,792,2025-04-02,420.79,completed
318,957,2024-07-20,274.5,completed
319,3,2025-01-27,305.57,completed
320,602,2023-10-30,663.34,completed
321,887,2023-07-12,543.19,completed
322,354,2024-09-27,765.24,completed
323,387,2025-05-22,328.56,completed
324,194,2023-07-21,246.42,failed
325,393,2025-05-12,777.79,completed
326,45,2024-08-13,478.25,completed
327,936,2024-08-11,392.22,failed
328,680,2025-03-02,655.5,completed
329,156,2023-11-19,46.65,completed
330,515,2023-06-26,338.67,failed
331,103,2024-07-04,445.9,failed
332,539,2025-03-28,25.19,failed
333,148,2025-03-20,658.23,completed
334,159,2023-07-11,783.71,completed
335,272,2024-04-03,695.78,completed
336,666,2023-11-25,335.28,completed
337,691,2024-01-25,386.21,failed
338,325,2024-09-06,888.56,completed
339,500,2024-05-17,45.54,failed
340,71,2025-01-09,687.56,completed
341,295,2024-05-31,749.3,failed
342,445,2024-07-29,762.77,failed
343,721,2023-09-27,449.24,failed
344,711,2025-03-27,38.66,completed
345,333,2024-06-07,300.43,completed
346,384,2024-02-05,251.76,completed
347,422,2025-06-03,794.59,completed
348,175,2023-09-14,613.4,completed
349,392,2024-12-28,248.42,completed
350,935,2024-12-20,239.87,completed
351,654,2025-06-03,262.77,completed
352,10,2025-04-07,470.6,failed
353,295,2023-09-22,166.4,completed
354,453,2024-05-31,987.78,failed
355,307,2025-05-11,430.07,completed
356,257,2024-05-21,309.1,completed
357,394,2024-07-08,115.59,failed
358,391,2024-01-11,579.06,completed
359,717,2023-08-27,978.17,completed
360,675,2025-04-22,18.02,completed
361,886,2023-10-05,747.22,completed
362,51,2024-01-23,747.72,failed
363,853,2025-01-09,293.33,failed
364,819,2024-11-21,803.91,completed
365,225,2023-09-19,624.68,completed
366,695,2024-03-21,769.8,completed
367,698,2025-03-06,631.97,failed
368,926,2023-08-21,49.03,completed
369,808,2025-01-19,583.78,completed
370,750,2025-02-26,910.53,completed
371,335,2023-12-10,183.88,completed
372,136,2025-01-05,877.7,completed
373,375,2023-08-17,914.35,completed
374,851,2024-03-01,914.91,completed
375,967,2023-10-20,808.42,completed
376,765,2024-07-18,806.19,failed
377,480,2024-03-07,149.35,failed
378,990,2024-01-21,679.56,completed
379,691,2024-06-07,967.6,failed
380,824,2024-10-22,99.4,completed
381,405,2025-01-12,541.21,completed
382,466,2024-07-23,751.52,completed
383,269,2024-11-24,824.19,completed
384,963,2025-02-13,678.09,completed
385,483,2023-08-17,885.39,completed
386,575,2024-12-20,613.98,completed
387,664,2024-12-06,825.62,completed
388,932,2024-02-20,652.75,completed
389,120,2025-05-14,946.8,completed
390,312,2025-06-08,124.96,failed
391,241,2023-07-20,144.31,failed
392,465,2024-05-22,949.89,completed
393,714,2023-09-07,424.94,failed
394,761,2025-06-14,886.56,completed
395,671,2024-12-19,494.45,completed
396,418,2025-02-26,286.94,failed
397,707,2024-07-29,448.95,completed
398,974,2024-02-22,369.06,completed
399,703,2023-11-15,902.68,completed
400,661,2025-04-04,404.16,completed
401,195,2024-08-27,949.52,failed
402,844,2024-11-15,666.14,completed
403,658,2025-04-01,971.38,completed
404,52,2025-05-02,251.13,completed
405,129,2024-10-19,213.15,completed
406,850,2023-07-18,215.09,completed
407,222,2024-10-25,240.67,failed
408,793,2024-10-20,901.53,completed
409,3,2023-06-27,984.19,completed
410,134,2023-12-29,800.53,completed
411,113,2023-10-05,35.52,completed
412,16,2024-09-18,790.55,completed
413,603,2024-04-08,182.5,completed
414,54,2025-04-28,426.75,completed
415,117,2023-12-09,481.48,completed
416,797,2024-11-25,597.73,completed
417,463,2023-11-19,945.96,completed
418,45,2024-01-13,909.66,completed
419,675,2024-06-20,463.46,completed
420,988,2023-10-16,998.6,completed
421,868,2024-07-01,689.24,completed
422,503,2025-03-14,449.13,completed
423,921,2023-11-13,612.21,completed
424,68,2025-01-10,628.07,completed
425,600,2024-07-10,331.93,completed
426,612,2024-01-26,459.18,completed
427,620,2023-10-01,795.17,completed
428,118,2023-11-22,654.41,failed
429,788,2024-10-26,866.84,completed
430,441,2025-05-01,236.21,completed
431,348,2023-08-28,404.74,failed
432,748,2024-07-26,432.5,completed
433,682,2025-04-16,954.06,completed
434,704,2025-01-02,76.46,failed
435,852,2025-01-23,437.56,completed
436,763,2023-12-04,813.65,completed
437,570,2023-06-23,957.06,completed
438,576,2024-05-23,131.01,completed
439,363,2023-08-12,941.72,failed
440,434,2024-07-06,723.85,failed
441,992,2024-08-27,319.32,completed
442,107,2024-10-07,220.61,completed
443,673,2023-11-29,848.8,completed
444,359,2024-12-23,373.89,failed
445,781,2023-11-06,233.9,completed
446,440,2023-07-21,974.8,failed
447,839,2024-05-10,678.23,completed
448,571,2024-12-06,929.79,completed
449,850,2024-01-11,38.66,completed
450,280,2024-10-09,315.89,completed
451,348,2024-04-11,189.59,completed
452,147,2024-10-23,406.78,completed
453,146,2024-09-16,972.09,completed
454,94,2023-12-20,222.98,completed
455,430,2024-10-28,165.84,completed
456,320,2024-03-17,779.07,completed
457,582,2024-07-01,884.51,completed
458,160,2024-08-06,621.66,completed
459,691,2024-11-12,448.68,completed
460,435,2023-11-07,447.62,completed
461,280,2025-05-02,517.22,completed
462,354,2024-02-09,290.41,completed
463,695,2025-04-03,531.66,completed
464,316,2023-12-18,401.31,completed
465,614,2025-04-30,212.38,completed
466,969,2024-02-02,145.86,completed
467,262,2024-11-20,128.78,completed
468,510,2024-07-01,183.94,completed
469,390,2024-07-05,237.81,completed
470,573,2025-02-28,808.14,failed
471,74,2024-10-22,744.62,completed
472,447,2024-04-20,921.95,completed
473,883,2024-09-27,434.99,completed
474,415,2024-03-24,423.52,completed
475,118,2024-08-16,966.54,completed
476,176,2024-06-28,621.94,failed
477,852,2024-02-05,368.23,completed
478,448,2023-09-03,250.88,failed
479,604,2023-12-08,87.86,completed
480,892,2023-09-16,346.12,completed
481,342,2025-05-05,85.62,completed
482,649,2025-05-17,514.85,completed
483,928,2025-01-27,357.59,completed
484,982,2025-02-03,816.89,failed
485,242,2024-01-30,263.41,completed
486,178,2024-05-11,762.61,completed
487,672,2024-06-02,951.78,completed
488,644,2024-02-28,756.9,completed
489,779,2023-12-30,684.32,completed
490,904,2024-11-16,638.95,completed
491,640,2024-05-16,971.26,completed
492,324,2023-09-18,77.6,completed
493,453,2023-11-04,798.37,completed
494,606,2024-06-15,512.26,completed
495,318,2024-02-23,47.23,completed
496,378,2024-11-15,85.96,failed
497,885,2023-09-17,99.39,failed
498,609,2024-03-16,468.08,completed
499,568,2024-12-13,741.53,failed
500,43,2024-04-25,811.72,completed
501,668,2024-12-19,608.96,completed
502,514,2023-09-28,71.25,completed
503,106,2025-02-10,839.0,failed
504,732,2025-05-06,649.67,completed
505,41,2024-06-30,443.38,completed
506,450,2025-04-03,613.71,completed
507,373,2025-03-07,290.06,completed
508,419,2025-04-22,682.11,completed
509,54,2024-07-04,650.83,completed
510,68,2024-09-29,562.38,completed
511,396,2024-05-06,726.5,completed
512,673,2024-12-05,606.67,failed
513,154,2023-12-20,586.91,completed
514,145,2023-07-13,317.13,failed
515,672,2024-02-01,398.04,completed
516,610,2024-01-15,93.87,completed
517,573,2024-07-19,793.75,completed
518,833,2023-12-05,705.8,completed
519,970,2025-05-12,688.56,completed
520,540,2025-04-11,673.75,completed
521,521,2025-02-18,368.97,completed
522,185,2024-05-03,348.32,failed
523,785,2023-08-07,234.28,completed
524,141,2024-08-30,302.83,completed
525,808,2025-02-09,773.17,completed
526,856,2024-02-27,531.27,completed
527,678,2024-01-10,768.64,completed
528,135,2024-11-26,162.71,completed
529,186,2024-02-22,773.39,failed
530,829,2024-05-05,723.97,failed
531,45,2024-04-19,679.6,completed
532,244,2025-03-10,614.49,failed
533,771,2024-05-29,454.44,completed
534,547,2024-05-16,965.94,completed
535,804,2024-04-25,836.76,completed
536,377,2024-01-09,574.72,completed
537,452,2025-05-29,288.95,completed
538,392,2023-08-02,424.47,completed
539,166,2024-01-15,803.25,failed
540,142,2024-07-02,61.66,failed
541,493,2025-01-06,559.0,failed
542,106,2023-12-08,520.75,completed
543,128,2024-03-10,765.49,completed
544,280,2024-10-27,518.22,completed
545,851,2025-03-17,946.95,completed
546,228,2023-07-26,885.78,failed
547,953,2024-02-15,62.72,completed
548,515,2024-06-02,392.3,completed
549,84,2024-05-04,37.91,completed
550,954,2023-12-09,717.56,completed
551,344,2024-09-07,146.22,completed
552,294,2025-05-01,477.73,failed
553,852,2023-10-28,708.48,completed
554,460,2024-08-10,906.8,completed
555,20,2023-11-28,836.61,completed
556,562,2025-02-15,612.79,failed
557,434,2024-10-18,295.22,completed
558,309,2023-09-14,246.06,completed
559,655,2024-10-09,462.54,completed
560,114,2024-10-07,504.83,failed
561,549,2024-03-03,520.22,completed
562,248,2023-09-29,298.36,completed
563,2,2024-10-02,248.16,completed
564,427,2024-08-13,671.53,completed
565,537,2023-07-06,77.0,failed
566,539,2025-01-01,788.55,completed
567,520,2023-07-07,396.55,completed
568,482,2025-03-05,393.01,completed
569,383,2024-04-10,26.08,completed
570,808,2023-08-30,248.71,completed
571,673,2025-02-16,773.79,completed
572,753,2024-12-19,142.08,completed
573,361,2024-03-05,815.37,completed
574,180,2025-05-29,687.84,failed
575,713,2024-03-20,190.46,completed
576,139,2025-02-05,778.43,completed
577,469,2025-02-04,209.58,completed
578,811,2024-08-23,51.49,completed
579,956,2023-08-09,404.24,completed
580,835,2024-11-10,260.78,completed
581,772,2023-07-29,293.25,completed
582,883,2024-07-27,867.14,completed
583,340,2023-12-01,801.35,completed
584,448,2024-03-28,745.87,failed
585,917,2024-08-09,345.65,failed
586,192,2023-11-22,502.55,completed
587,947,2023-10-20,274.05,completed
588,85,2025-04-02,88.14,completed
589,617,2024-08-10,188.65,failed
590,301,2024-04-23,89.27,completed
591,677,2025-04-18,451.46,completed
592,735,2024-12-29,692.87,completed
593,360,2023-12-16,729.55,completed
594,934,2024-02-01,998.17,completed
595,282,2025-03-04,793.56,completed
596,59,2023-10-24,641.14,completed
597,373,2025-05-28,752.4,completed
598,164,2024-04-06,151.35,failed
599,623,2024-03-04,443.79,completed
600,130,2024-05-07,780.73,completed
601,376,2023-12-05,949.97,completed
602,34,2024-08-23,682.27,completed
603,972,2025-01-10,449.5,completed
604,79,2023-12-31,534.17,completed
605,408,2025-06-20,285.9,completed
606,984,2023-07-01,738.32,completed
607,512,2023-07-19,914.41,completed
608,121,2025-04-07,267.69,completed
609,457,2023-07-06,615.76,completed
610,711,2025-01-27,496.29,failed
611,126,2025-06-20,83.31,completed
612,177,2024-08-02,450.66,failed
613,90,2023-09-08,967.89,failed
614,328,2024-07-14,712.45,completed
615,564,2024-04-25,892.42,completed
616,872,2025-02-24,712.47,completed
617,718,2024-07-01,795.76,completed
618,521,2023-07-23,985.28,completed
619,812,2023-10-20,792.47,completed
620,27,2024-01-26,576.55,completed
621,479,2024-02-10,556.13,failed
622,627,2023-07-09,75.09,failed
623,408,2023-12-16,721.68,failed
624,539,2024-10-23,415.34,completed
625,589,2025-02-09,972.66,completed
626,658,2024-12-06,471.17,completed
627,530,2023-12-30,879.18,completed
628,799,2023-07-17,591.91,completed
629,787,2024-01-18,438.29,failed
630,933,2025-01-23,833.08,failed
631,531,2023-09-25,173.01,completed
632,331,2025-03-13,233.22,failed
633,971,2025-02-18,895.98,failed
634,867,2024-04-09,204.34,completed
635,980,2024-11-10,133.92,completed
636,311,2024-04-27,102.49,completed
637,657,2023-09-30,942.19,completed
638,158,2025-03-17,628.23,completed
639,924,2025-01-16,844.1,completed
640,578,2025-05-01,865.14,completed
641,84,2024-01-16,645.04,completed
642,591,2025-04-20,218.7,completed
643,586,2023-08-25,642.6,completed
644,510,2023-08-19,550.12,failed
645,658,2023-08-17,488.12,failed
646,825,2024-07-16,412.03,failed
647,465,2025-01-01,69.31,completed
648,451,2024-12-18,469.8,completed
649,349,2025-02-02,319.46,completed
650,736,2025-01-10,988.14,completed
651,354,2024-05-08,139.46,failed
652,380,2023-07-06,115.12,completed
653,248,2023-07-02,274.8,completed
654,254,2025-01-17,60.1,completed
655,969,2025-03-26,619.22,completed
656,255,2024-08-14,903.29,failed
657,834,2024-10-02,581.91,completed
658,321,2025-06-03,167.75,completed
659,528,2023-10-16,880.28,completed
660,510,2023-09-03,945.78,completed
661,518,2025-01-12,248.32,completed
662,598,2024-09-19,60.04,completed
663,507,2025-02-25,844.42,completed
664,689,2024-04-19,541.32,completed
665,868,2023-11-18,142.6,completed
666,271,2025-03-27,766.22,completed
667,375,2024-10-03,60.65,completed
668,576,2025-04-18,557.69,completed
669,76,2024-02-18,455.85,completed
670,564,2025-02-19,989.2,completed
671,697,2024-02-27,137.38,completed
672,100,2024-05-16,796.95,completed
673,348,2024-07-22,371.95,completed
674,148,2025-01-18,514.03,completed
675,513,2023-07-09,48.52,completed
676,731,2024-02-10,479.01,completed
677,468,2024-01-19,894.2,completed
678,144,2024-06-11,616.94,completed
679,167,2023-11-25,620.34,completed
680,863,2023-09-06,343.01,completed
681,849,2024-01-12,494.95,completed
682,577,2024-11-11,817.59,completed
683,378,2024-09-10,118.51,completed
684,427,2024-06-21,798.79,completed
685,743,2024-04-08,632.97,failed
686,612,2024-02-02,967.4,completed
687,802,2024-05-19,582.69,failed
688,234,2023-09-01,587.69,completed
689,175,2023-12-10,723.97,completed
690,794,2024-05-01,156.3,failed
691,698,2024-08-29,576.84,completed
692,718,2024-01-23,28.75,completed
693,322,2024-06-30,418.83,completed
694,209,2024-01-27,777.22,completed
695,943,2025-05-26,849.89,completed
696,745,2024-12-17,146.7,completed
697,213,2024-08-08,998.14,completed
698,490,2024-07-18,320.62,completed
699,178,2023-12-27,537.8,completed
700,560,2024-04-13,774.27,completed
701,739,2023-07-04,805.62,completed
702,271,2024-07-11,200.34,completed
703,253,2025-01-06,305.51,completed
704,965,2024-04-21,304.64,failed
705,296,2024-04-05,693.34,completed
706,501,2025-02-02,355.32,completed
707,957,2024-08-18,724.45,failed
708,295,2024-12-27,679.86,completed
709,389,2023-09-13,400.59,failed
710,354,2024-06-06,806.57,failed
711,298,2023-12-12,955.76,completed
712,81,2024-09-11,447.95,completed
713,263,2023-07-10,221.85,completed
714,848,2024-04-24,933.69,completed
715,713,2025-02-09,118.13,completed
716,759,2023-12-18,250.03,completed
717,686,2024-06-02,233.41,failed
718,239,2024-04-03,419.17,completed
719,735,2024-06-25,684.38,completed
720,141,2024-08-31,554.85,completed
721,952,2023-09-13,656.36,completed
722,902,2024-11-01,482.67,failed
723,205,2024-02-17,294.37,completed
724,293,2024-03-05,908.86,completed
725,92,2023-10-10,239.9,completed
726,757,2025-03-10,937.3,completed
727,936,2024-10-22,423.71,failed
728,858,2023-08-24,920.44,completed
729,857,2023-09-03,500.43,completed
730,960,2024-08-29,873.57,completed
731,297,2023-10-30,19.17,failed
732,582,2023-11-29,929.17,completed
733,344,2025-04-22,989.21,completed
734,557,2024-07-05,890.37,completed
735,138,2024-09-23,473.34,failed
736,198,2024-01-01,337.38,failed
737,749,2023-08-25,264.69,completed
738,191,2023-10-08,343.74,completed
739,303,2024-04-29,759.71,completed
740,180,2024-10-11,642.34,completed
741,416,2025-04-01,520.13,failed
742,89,2024-06-22,104.43,completed
743,144,2024-07-31,936.47,completed
744,7,2025-01-02,243.17,completed
745,772,2025-04-03,336.33,completed
746,597,2024-09-03,21.32,completed
747,670,2025-01-31,243.94,completed
748,684,2023-12-18,313.74,completed
749,416,2023-08-05,923.87,completed
750,910,2025-02-06,317.87,completed
751,121,2024-07-08,941.23,completed
752,377,2024-01-02,226.94,completed
753,137,2024-05-05,460.43,completed
754,621,2024-02-17,704.92,completed
755,935,2025-01-16,542.14,completed
756,681,2024-03-09,764.24,failed
757,697,2025-03-30,874.4,completed
758,84,2023-10-15,532.89,completed
759,371,2023-07-19,568.53,completed
760,64,2024-02-25,903.86,failed
761,208,2024-12-07,158.35,completed
762,336,2024-09-02,447.42,failed
763,697,2024-09-28,587.32,completed
764,94,2024-05-01,451.03,failed
765,57,2025-04-27,518.12,completed
766,468,2023-06-25,563.21,completed
767,689,2024-01-15,726.05,failed
768,406,2024-12-08,12.99,completed
769,224,2023-11-30,54.84,completed
770,353,2025-01-27,545.75,completed
771,62,2024-08-30,78.33,failed
772,957,2025-02-27,294.22,completed
773,185,2024-07-04,768.17,completed
774,747,2024-08-17,426.16,completed
775,913,2024-07-13,870.92,completed
776,929,2024-02-19,89.45,completed
777,988,2024-11-08,543.91,completed
778,670,2023-12-21,127.45,failed
779,551,2024-02-25,136.07,completed
780,229,2024-06-13,758.62,failed
781,306,2024-12-22,721.9,completed
782,435,2024-06-30,825.13,completed
783,254,2024-07-24,163.57,completed
784,194,2024-08-24,727.77,failed
785,116,2025-04-17,663.6,completed
786,630,2025-01-15,884.92,completed
787,17,2025-01-10,76.62,completed
788,609,2023-08-23,601.81,completed
789,721,2025-06-05,252.29,failed
790,46,2023-09-10,242.0,completed
791,223,2024-05-16,778.3,completed
792,144,2024-12-15,296.37,completed
793,836,2023-08-20,580.35,failed
794,592,2024-04-07,675.81,completed
795,329,2023-09-27,877.5,completed
796,677,2025-01-28,419.42,completed
797,282,2023-07-01,949.04,completed
798,901,2023-10-24,183.38,completed
799,696,2024-07-28,500.66,completed
800,996,2025-01-22,646.88,completed
801,391,2023-09-23,325.55,completed
802,427,2023-10-28,306.89,completed
803,189,2023-11-21,478.78,completed
804,870,2024-05-25,858.97,completed
805,148,2025-04-26,915.59,failed
806,576,2023-09-17,422.34,completed
807,543,2023-07-21,250.43,completed
808,209,2025-05-08,88.28,completed
809,461,2024-05-15,101.54,failed
810,742,2024-07-09,61.02,failed
811,387,2023-10-31,606.89,completed
812,895,2024-10-19,806.6,completed
813,602,2025-03-05,563.26,completed
814,491,2024-08-01,907.96,completed
815,311,2024-07-03,25.18,failed
816,960,2023-10-07,744.06,completed
817,765,2025-01-22,484.13,failed
818,249,2025-04-30,706.73,completed
819,407,2024-08-18,556.56,failed
820,795,2024-05-10,471.59,completed
821,665,2024-04-26,268.95,completed
822,526,2023-06-28,471.34,failed
823,823,2024-02-06,474.8,failed
824,860,2023-09-20,211.1,completed
825,321,2024-05-24,566.9,completed
826,227,2024-02-04,26.06,completed
827,567,2024-12-31,583.35,failed
828,428,2025-06-06,204.23,completed
829,236,2025-05-04,835.03,completed
830,512,2024-11-27,944.03,completed
831,346,2024-01-17,823.38,completed
832,990,2024-07-30,742.2,completed
833,472,2024-02-26,797.03,completed
834,174,2024-10-10,551.08,completed
835,189,2025-05-11,546.72,failed
836,658,2024-04-04,528.7,failed
837,860,2024-08-31,945.74,failed
838,685,2024-11-07,16.32,completed
839,141,2023-10-27,239.12,failed
840,725,2023-10-08,226.53,completed
841,467,2024-02-01,621.66,completed
842,683,2024-07-31,913.62,failed
843,676,2024-12-04,16.55,completed
844,565,2023-11-26,26.56,completed
845,740,2025-03-05,977.7,completed
846,18,2024-10-09,700.88,completed
847,441,2024-12-26,910.68,failed
848,110,2024-04-04,529.14,failed
849,247,2024-07-28,531.19,completed
850,835,2024-10-02,796.99,completed
851,81,2024-01-02,411.97,completed
852,579,2024-06-21,700.26,completed
853,308,2024-06-14,849.39,completed
854,670,2023-12-01,653.4,failed
855,33,2025-06-17,385.47,completed
856,566,2024-03-03,640.38,completed
857,720,2025-06-10,504.86,completed
858,445,2025-01-21,337.96,completed
859,879,2024-12-31,895.84,failed
860,942,2025-04-13,219.3,completed
861,889,2025-06-10,571.12,completed
862,278,2023-10-04,83.6,completed
863,948,2023-10-26,547.6,completed
864,674,2024-08-01,929.48,completed
865,323,2024-12-27,215.09,completed
866,148,2025-03-26,715.58,completed
867,408,2024-06-23,306.28,failed
868,578,2023-06-28,836.3,completed
869,399,2024-02-22,545.16,completed
870,394,2024-05-09,148.55,completed
871,706,2023-11-07,505.78,completed
872,998,2023-10-15,106.71,completed
873,238,2024-06-20,347.19,failed
874,788,2023-08-12,599.65,completed
875,993,2023-06-25,39.33,completed
876,280,2024-02-18,456.04,completed
877,234,2024-12-16,941.73,completed
878,443,2023-11-13,590.02,completed
879,390,2023-11-22,622.43,completed
880,818,2024-12-11,82.77,completed
881,275,2023-09-01,714.56,completed
882,650,2024-08-11,395.73,completed
883,370,2024-06-11,15.14,completed
884,316,2024-03-04,763.73,completed
885,105,2023-09-02,195.52,completed
886,460,2023-08-07,517.32,completed
887,106,2024-10-18,360.38,completed
888,96,2024-06-19,786.59,completed
889,885,2024-09-24,298.93,completed
890,398,2023-10-20,727.6,completed
891,573,2023-08-11,978.39,failed
892,586,2024-03-19,688.46,completed
893,174,2024-10-27,308.12,completed
894,505,2024-08-28,175.54,completed
895,283,2025-05-07,489.39,completed
896,79,2023-12-13,944.78,completed
897,739,2024-03-14,597.87,completed
898,201,2024-10-21,144.13,completed
899,7,2023-07-01,338.9,failed
900,636,2025-06-10,863.58,completed
901,451,2023-11-17,817.32,completed
902,881,2024-01-20,598.45,completed
903,308,2024-01-27,947.81,completed
904,206,2025-03-19,185.86,completed
905,408,2025-05-28,298.53,failed
906,712,2025-04-25,968.09,completed
907,801,2024-05-17,382.29,completed
908,837,2024-09-16,371.37,completed
909,955,2025-01-07,596.3,completed
910,559,2024-02-13,769.94,completed
911,28,2024-04-01,467.01,failed
912,726,2024-10-18,799.71,completed
913,852,2025-02-05,820.78,completed
914,815,2024-04-29,676.25,completed
915,143,2025-06-15,249.6,completed
916,675,2024-01-04,428.9,completed
917,387,2024-08-29,990.79,completed
918,491,2024-08-14,539.02,completed
919,946,2024-10-31,694.79,failed
920,557,2024-11-14,968.74,completed
921,719,2023-11-25,541.54,failed
922,654,2023-08-20,118.28,failed
923,255,2024-09-23,361.46,completed
924,663,2023-10-17,567.59,completed
925,661,2023-09-08,405.62,completed
926,771,2025-01-08,798.27,completed
927,109,2023-12-06,266.15,completed
928,523,2024-01-24,562.41,completed
929,705,2023-11-06,451.32,completed
930,401,2024-01-11,682.76,completed
931,708,2024-08-31,351.52,completed
932,26,2023-09-08,302.48,completed
933,943,2023-09-27,124.91,failed
934,964,2025-02-28,354.85,completed
935,352,2024-07-30,214.8,completed
936,495,2024-09-19,106.65,completed
937,740,2024-11-02,325.72,completed
938,308,2025-02-05,713.67,completed
939,24,2024-04-13,651.49,failed
940,694,2024-03-03,930.62,failed
941,759,2024-09-10,182.71,completed
942,164,2025-02-09,432.11,completed
943,474,2025-04-13,411.0,completed
944,189,2024-09-22,660.73,completed
945,406,2024-10-02,617.97,completed
946,203,2024-01-22,435.26,completed
947,5,2025-03-09,213.73,completed
948,771,2025-01-13,798.05,completed
949,592,2025-04-27,873.26,completed
950,192,2024-10-11,205.1,completed
951,117,2024-11-21,864.01,completed
952,541,2025-05-27,320.27,failed
953,398,2024-06-22,591.13,completed
954,357,2023-11-30,463.28,completed
955,177,2023-10-29,708.93,failed
956,305,2023-06-23,594.27,failed
957,689,2025-02-18,126.68,completed
958,313,2023-12-18,379.57,completed
959,145,2023-12-06,424.06,completed
960,142,2023-08-30,428.81,completed
961,499,2025-06-12,696.5,completed
962,661,2025-03-05,181.5,failed
963,171,2024-10-10,148.89,completed
964,323,2023-10-12,623.22,failed
965,887,2023-10-10,19.49,completed
966,140,2023-10-27,390.1,completed
967,576,2024-06-24,500.02,completed
968,702,2025-04-30,713.04,completed
969,455,2023-06-21,91.84,completed
970,32,2024-02-27,228.32,completed
971,34,2023-08-20,542.23,completed
972,173,2025-05-16,569.99,completed
973,792,2023-07-31,554.23,completed
974,116,2023-10-05,275.21,completed
975,557,2024-07-22,373.19,failed
976,843,2025-03-08,762.4,completed
977,452,2024-05-27,989.88,completed
978,105,2024-05-16,657.13,completed
979,254,2024-11-18,999.32,completed
980,461,2024-06-21,863.58,completed
981,90,2024-03-01,994.02,completed
982,795,2024-02-11,217.78,failed
983,756,2024-07-13,357.12,completed
984,728,2025-01-31,433.89,completed
985,631,2023-09-20,214.55,completed
986,212,2023-12-25,574.37,failed
987,546,2024-08-29,543.38,completed
988,332,2024-04-21,299.71,failed
989,587,2024-04-09,859.44,completed
990,922,2025-02-11,104.27,completed
991,986,2024-04-15,417.48,completed
992,61,2024-12-20,868.38,failed
993,130,2024-06-23,141.36,completed
994,150,2024-03-22,830.2,completed
995,780,2024-02-18,398.77,failed
996,146,2025-04-02,276.03,completed
997,425,2024-07-30,84.76,completed
998,814,2024-02-22,102.16,failed
999,528,2024-08-06,697.76,completed
1000,899,2023-08-20,950.75,completed
1001,336,2025-05-07,870.22,completed
1002,868,2024-10-03,733.62,completed
1003,470,2025-04-05,700.32,completed
1004,871,2023-12-04,539.08,completed
1005,224,2023-10-28,826.6,failed
1006,507,2024-10-25,830.06,completed
1007,346,2025-03-29,139.29,completed
1008,873,2024-01-22,350.3,completed
1009,699,2024-12-24,55.48,completed
1010,642,2023-10-09,464.99,completed
1011,128,2025-04-03,166.4,failed
1012,468,2024-05-25,958.45,completed
1013,208,2024-08-29,910.31,failed
1014,904,2024-05-29,167.39,completed
1015,956,2024-07-05,102.41,failed
1016,370,2024-12-11,378.13,completed
1017,926,2025-02-22,61.27,completed
1018,641,2024-01-01,702.45,completed
1019,240,2024-12-04,100.29,completed
1020,98,2023-09-22,482.04,completed
1021,136,2024-08-27,524.25,completed
1022,456,2025-05-19,698.64,completed
1023,837,2024-05-24,861.74,completed
1024,711,2024-11-08,80.12,completed
1025,393,2024-03-17,807.9,completed
1026,106,2023-11-06,882.18,completed
1027,141,2023-07-10,815.23,completed
1028,896,2025-04-23,993.01,completed
1029,147,2024-03-31,567.66,completed
1030,625,2025-04-15,445.7,completed
1031,740,2024-06-17,750.79,completed
1032,942,2025-02-08,689.7,completed
1033,881,2024-11-22,897.63,completed
1034,144,2024-03-15,593.68,completed
1035,394,2025-01-06,435.09,completed
1036,811,2024-05-15,284.2,completed
1037,87,2023-12-04,604.99,completed
1038,739,2024-10-12,781.18,completed
1039,708,2024-08-28,848.6,completed
1040,897,2025-05-01,522.57,completed
1041,522,2025-06-05,397.83,completed
1042,662,2025-06-19,898.93,completed
1043,978,2023-11-16,392.03,completed
1044,247,2024-04-13,597.99,completed
1045,541,2024-04-06,21.95,failed
1046,370,2023-11-07,140.66,failed
1047,882,2025-06-14,426.65,failed
1048,560,2025-01-21,765.1,completed
1049,978,2023-06-29,82.26,failed
1050,602,2023-11-20,269.56,completed
1051,41,2024-05-29,949.19,failed
1052,408,2024-03-27,632.28,completed
1053,514,2024-08-02,429.34,completed
1054,412,2023-11-19,541.2,completed
1055,631,2023-06-25,92.76,completed
1056,81,2024-09-18,211.17,completed
1057,828,2024-02-17,333.48,completed
1058,601,2024-03-02,836.18,completed
1059,698,2023-09-02,317.07,completed
1060,448,2025-05-28,848.0,completed
1061,60,2024-04-02,925.38,completed
1062,119,2025-06-01,612.74,completed
1063,317,2024-01-04,661.47,completed
1064,180,2024-07-15,710.82,completed
1065,719,2025-06-05,501.45,completed
1066,356,2023-07-01,785.16,completed
1067,739,2024-10-04,378.15,completed
1068,768,2024-01-19,276.08,completed
1069,908,2023-07-17,900.9,completed
1070,344,2024-11-04,279.26,failed
1071,66,2024-01-20,975.3,completed
1072,643,2024-10-31,460.65,completed
1073,369,2024-06-26,860.77,completed
1074,171,2024-04-25,262.56,completed
1075,106,2023-07-25,677.38,failed
1076,119,2024-12-12,513.74,completed
1077,46,2024-12-19,22.17,failed
1078,48,2024-01-03,389.15,completed
1079,154,2024-01-19,960.74,completed
1080,37,2024-10-18,914.81,completed
1081,759,2023-08-04,232.27,completed
1082,255,2024-09-07,723.09,completed
1083,278,2025-03-21,575.82,failed
1084,123,2023-07-14,902.92,completed
1085,184,2025-04-21,520.62,completed
1086,48,2024-12-29,78.24,failed
1087,477,2025-06-10,775.79,failed
1088,319,2024-06-20,557.56,completed
1089,9,2024-10-04,298.68,completed
1090,804,2024-10-24,626.49,completed
1091,476,2024-06-08,972.14,completed
1092,792,2024-07-05,735.14,completed
1093,560,2023-11-02,252.68,completed
1094,7,2024-06-22,33.67,failed
1095,555,2025-01-23,841.18,completed
1096,899,2025-04-30,341.67,completed
1097,778,2024-11-04,850.52,completed
1098,745,2025-01-23,213.14,completed
1099,244,2024-08-17,961.57,completed
1100,996,2025-03-09,714.54,failed
1101,96,2023-09-09,239.16,completed
1102,866,2023-07-20,703.84,completed
1103,382,2024-04-03,750.42,completed
1104,595,2023-07-13,142.18,completed
1105,840,2024-10-09,595.98,completed
1106,64,2025-05-15,964.58,completed
1107,243,2024-12-26,852.4,completed
1108,949,2023-10-17,703.72,failed
1109,754,2024-12-20,458.23,completed
1110,240,2025-01-12,210.69,completed
1111,799,2023-11-05,117.88,completed
1112,109,2025-04-27,471.39,completed
1113,417,2025-04-11,364.7,completed
1114,789,2023-10-01,315.22,completed
1115,272,2023-08-24,99.52,failed
1116,827,2024-05-11,828.12,completed
1117,714,2025-03-29,222.87,completed
1118,878,2025-04-07,100.3,completed
1119,255,2023-09-21,402.28,failed
1120,51,2023-08-03,267.57,completed
1121,179,2024-05-30,410.35,completed
1122,464,2024-10-28,554.62,completed
1123,97,2024-12-23,805.86,completed
1124,144,2023-08-08,71.05,completed
1125,800,2024-02-20,139.41,failed
1126,844,2023-09-04,689.42,completed
1127,961,2025-04-17,586.5,completed
1128,266,2024-08-16,84.24,failed
1129,67,2024-01-22,649.53,completed
1130,829,2025-04-13,906.03,completed
1131,850,2023-11-18,131.3,failed
1132,965,2024-11-10,176.31,completed
1133,588,2024-10-09,727.19,completed
1134,509,2025-01-13,686.38,completed
1135,177,2023-07-03,909.22,completed
1136,282,2024-03-05,884.59,completed
1137,36,2025-04-01,620.81,completed
1138,663,2024-11-23,417.87,completed
1139,564,2025-04-09,96.84,completed
1140,393,2025-05-19,207.46,completed
1141,906,2024-02-21,256.66,completed
1142,822,2025-05-18,29.33,completed
1143,392,2024-12-22,365.52,completed
1144,558,2023-10-30,350.59,completed
1145,580,2025-05-24,394.5,completed
1146,185,2024-09-18,601.15,completed
1147,31,2025-01-01,780.75,failed
1148,60,2024-03-31,476.97,failed
1149,367,2024-07-26,999.61,completed
1150,998,2023-07-02,255.38,completed
1151,247,2025-06-20,818.12,completed
1152,940,2024-11-18,766.41,completed
1153,971,2024-04-29,848.04,completed
1154,817,2024-05-09,935.85,completed
1155,866,2025-04-01,244.19,completed
1156,326,2024-11-20,700.65,failed
1157,936,2024-11-22,706.42,completed
1158,361,2023-08-07,567.97,failed
1159,577,2023-08-10,838.33,failed
1160,830,2023-11-17,497.3,failed
1161,317,2025-03-22,47.58,completed
1162,58,2025-02-01,226.62,completed
1163,540,2024-07-14,338.42,completed
1164,629,2023-10-13,139.18,completed
1165,735,2025-01-07,804.4,completed
1166,890,2024-01-14,31.69,completed
1167,601,2023-08-25,150.24,completed
1168,114,2023-11-02,862.06,failed
1169,984,2024-05-30,707.49,completed
1170,679,2023-07-25,110.02,completed
1171,310,2024-01-21,976.1,completed
1172,750,2024-10-05,793.92,failed
1173,984,2023-11-22,324.11,completed
1174,725,2024-12-06,696.62,failed
1175,952,2024-07-17,363.26,completed
1176,682,2024-05-03,183.6,completed
1177,315,2023-11-02,301.57,completed
1178,182,2024-10-26,949.3,completed
1179,972,2025-01-21,852.25,completed
1180,790,2025-04-05,42.06,failed
1181,617,2025-04-01,810.72,completed
1182,627,2025-06-20,569.89,completed
1183,960,2023-06-23,337.86,completed
1184,80,2024-02-17,982.56,completed
1185,172,2024-01-19,963.45,completed
1186,842,2024-08-29,642.71,completed
1187,908,2024-03-19,21.28,completed
1188,215,2023-09-20,77.12,completed
1189,263,2024-03-12,723.21,completed
1190,50,2024-06-17,735.26,completed
1191,993,2024-09-04,419.88,completed
1192,903,2025-03-31,550.56,completed
1193,104,2024-12-12,790.84,failed
1194,592,2023-08-26,690.29,completed
1195,167,2024-09-02,801.2,completed
1196,35,2025-06-12,325.53,completed
1197,975,2024-06-14,348.39,completed
1198,910,2023-08-28,734.67,completed
1199,561,2023-09-19,978.26,failed
1200,347,2025-06-03,617.51,completed
1201,495,2023-08-30,437.01,completed
1202,670,2023-11-09,890.86,completed
1203,161,2025-01-07,337.78,completed
1204,998,2023-08-27,700.22,completed
1205,740,2023-11-12,544.72,failed
1206,677,2024-02-22,245.17,completed
1207,51,2024-09-22,554.17,completed
1208,503,2024-10-19,367.22,completed
1209,438,2023-07-06,825.66,completed
1210,641,2025-02-05,207.68,completed
1211,27,2023-10-30,641.81,completed
1212,84,2025-02-22,124.35,completed
1213,804,2023-06-29,494.21,completed
1214,677,2023-12-06,645.45,completed
1215,397,2024-10-28,886.64,completed
1216,379,2024-04-06,54.17,completed
1217,451,2024-06-12,233.98,completed
1218,276,2023-08-23,159.62,completed
1219,714,2025-05-02,94.85,completed
1220,353,2025-01-03,419.85,failed
1221,775,2023-12-29,558.07,completed
1222,861,2024-02-15,527.36,completed
1223,989,2025-04-01,868.23,completed
1224,487,2024-11-30,243.29,completed
1225,307,2024-10-31,903.75,completed
1226,732,2025-05-21,575.51,completed
1227,530,2025-04-22,680.76,failed
1228,636,2023-11-16,949.76,completed
1229,460,2025-01-21,984.52,completed
1230,996,2025-01-28,200.8,completed
1231,44,2025-01-14,988.4,completed
1232,446,2023-10-02,824.34,completed
1233,152,2024-02-17,265.31,failed
1234,933,2023-08-01,809.27,completed
1235,90,2024-04-10,403.38,completed
1236,334,2024-12-20,524.49,failed
1237,940,2024-01-29,788.69,failed
1238,639,2023-11-06,783.87,completed
1239,116,2024-01-23,156.72,completed
1240,603,2023-10-08,965.18,completed
1241,103,2024-09-01,567.06,failed
1242,104,2024-02-21,868.8,completed
1243,902,2024-05-07,416.78,completed
1244,393,2023-12-13,576.3,completed
1245,485,2025-03-30,282.66,completed
1246,148,2023-11-14,684.0,completed
1247,412,2024-01-18,890.68,completed
1248,340,2025-05-07,58.8,completed
1249,487,2023-11-22,898.06,failed
1250,21,2023-11-05,795.72,completed
1251,319,2024-02-05,496.7,completed
1252,713,2024-01-08,972.77,completed
1253,234,2024-12-13,974.48,completed
1254,454,2024-05-27,327.66,completed
1255,747,2024-01-12,649.1,completed
1256,193,2023-08-31,914.3,completed
1257,417,2024-07-05,761.9,completed
1258,889,2024-03-22,65.64,completed
1259,811,2024-09-12,318.01,completed
1260,519,2024-03-29,782.71,completed
1261,537,2024-03-17,38.66,failed
1262,198,2025-02-09,208.72,failed
1263,60,2024-10-31,461.88,completed
1264,941,2024-07-31,207.12,completed
1265,378,2024-06-04,510.08,failed
1266,651,2025-03-26,684.36,failed
1267,248,2024-10-23,598.1,completed
1268,182,2024-12-05,479.84,failed
1269,565,2025-03-28,171.88,completed
1270,916,2023-10-31,832.56,completed
1271,93,2023-07-19,392.7,completed
1272,167,2025-03-30,782.03,failed
1273,220,2024-09-17,650.91,failed
1274,694,2024-04-15,655.07,completed
1275,526,2023-10-19,782.5,completed
1276,786,2024-08-11,479.36,completed
1277,136,2024-09-04,605.13,completed
1278,9,2023-12-01,612.26,completed
1279,966,2024-12-17,967.35,completed
1280,659,2024-05-22,896.53,completed
1281,873,2024-03-16,259.48,completed
1282,478,2024-11-03,525.43,completed
1283,639,2025-03-11,111.29,completed
1284,524,2024-12-01,966.82,failed
1285,860,2025-02-28,650.87,completed
1286,624,2024-01-31,687.57,completed
1287,494,2023-11-29,988.48,completed
1288,656,2024-03-12,284.12,completed
1289,672,2024-12-15,893.45,completed
1290,306,2024-07-16,522.12,completed
1291,247,2024-08-22,807.38,failed
1292,822,2025-03-26,410.06,failed
1293,328,2025-01-18,724.07,completed
1294,672,2025-02-26,302.65,completed
1295,929,2024-01-15,394.39,completed
1296,37,2023-08-30,994.81,completed
1297,836,2024-07-23,729.28,completed
1298,228,2025-02-10,641.93,completed
1299,488,2023-12-01,675.15,failed
1300,520,2024-01-07,178.29,completed
1301,674,2023-12-07,189.32,failed
1302,100,2024-06-18,743.51,completed
1303,743,2024-01-09,765.29,failed
1304,188,2023-07-15,900.6,failed
1305,671,2025-06-06,361.73,completed
1306,763,2023-09-18,426.27,failed
1307,909,2024-07-26,267.95,completed
1308,302,2024-11-13,126.6,completed
1309,55,2024-10-23,587.74,failed
1310,967,2023-11-12,477.5,completed
1311,200,2024-06-24,868.82,completed
1312,391,2023-10-07,418.98,completed
1313,892,2024-06-17,145.99,failed
1314,206,2024-09-18,987.32,completed
1315,915,2024-02-26,463.0,failed
1316,324,2024-04-05,188.55,failed
1317,83,2024-08-31,634.72,completed
1318,182,2024-04-09,67.43,completed
1319,463,2024-11-13,763.58,completed
1320,173,2024-09-20,166.85,completed
1321,805,2025-05-21,97.16,completed
1322,630,2023-07-17,435.12,completed
1323,440,2024-02-26,389.48,failed
1324,39,2024-12-16,733.35,completed
1325,973,2023-09-10,328.99,completed
1326,854,2024-10-21,27.74,completed
1327,5,2024-03-25,256.33,completed
1328,711,2025-04-26,318.97,failed
1329,106,2025-05-20,592.78,completed
1330,172,2023-06-27,55.26,completed
1331,972,2023-10-22,730.55,completed
1332,611,2024-05-13,439.33,completed
1333,704,2024-06-24,349.31,failed
1334,924,2024-03-06,752.61,completed
1335,169,2024-03-08,919.02,failed
1336,414,2024-11-05,232.08,completed
1337,135,2025-05-22,31.69,completed
1338,517,2023-09-06,372.93,completed
1339,667,2023-11-13,381.44,completed
1340,656,2025-05-30,539.39,completed
1341,50,2024-03-25,57.48,completed
1342,111,2024-02-13,29.54,completed
1343,707,2023-10-25,449.87,completed
1344,127,2024-06-17,479.65,completed
1345,157,2024-08-18,688.88,completed
1346,10,2023-11-12,665.05,completed
1347,679,2025-01-25,626.57,completed
1348,718,2023-07-07,832.35,completed
1349,108,2024-05-26,621.52,completed
1350,290,2025-03-10,115.2,completed
1351,204,2024-10-11,780.18,completed
1352,852,2024-06-09,209.66,completed
1353,721,2024-09-24,168.77,completed
1354,562,2024-09-10,215.62,completed
1355,956,2024-12-11,242.16,completed
1356,14,2024-05-23,907.81,completed
1357,856,2025-01-08,499.16,completed
1358,973,2024-04-26,516.59,completed
1359,741,2024-06-22,905.73,completed
1360,660,2025-03-29,988.78,completed
1361,304,2023-12-27,59.58,completed
1362,833,2024-01-03,49.05,completed
1363,298,2025-01-02,680.0,completed
1364,437,2024-04-05,104.05,completed
1365,777,2024-09-29,19.58,failed
1366,142,2024-03-09,178.81,completed
1367,367,2024-06-29,955.54,failed
1368,275,2024-11-29,102.02,failed
1369,835,2024-04-27,122.69,completed
1370,410,2024-02-09,279.11,failed
1371,395,2023-07-22,483.46,completed
1372,432,2025-06-11,798.94,completed
1373,116,2025-05-02,729.15,completed
1374,966,2023-12-19,112.68,failed
1375,934,2025-02-02,804.24,completed
1376,695,2025-06-16,615.21,completed
1377,798,2025-05-20,38.53,completed
1378,701,2025-06-09,730.01,failed
1379,914,2024-07-18,921.19,completed
1380,116,2023-09-12,446.28,failed
1381,65,2024-05-12,321.1,completed
1382,722,2024-05-16,529.57,failed
1383,762,2025-02-11,569.36,completed
1384,979,2024-01-16,344.92,completed
1385,536,2024-09-11,622.06,completed
1386,444,2024-04-27,256.09,completed
1387,355,2024-09-23,644.99,completed
1388,153,2023-07-13,562.76,failed
1389,628,2023-10-26,646.96,completed
1390,161,2024-07-22,474.6,completed
1391,508,2023-10-28,84.12,failed
1392,504,2025-06-06,337.59,completed
1393,285,2024-02-09,230.48,completed
1394,659,2025-05-09,818.93,completed
1395,81,2024-09-26,803.25,completed
1396,459,2024-12-13,503.47,completed
1397,324,2024-08-01,502.4,completed
1398,670,2023-11-22,409.41,completed
1399,37,2024-09-04,10.17,completed
1400,94,2025-01-24,963.54,completed
1401,653,2023-10-07,513.25,completed
1402,212,2023-09-29,461.65,completed
1403,350,2024-11-17,63.73,completed
1404,229,2024-03-05,338.65,failed
1405,786,2025-02-22,478.4,completed
1406,673,2023-08-01,458.01,completed
1407,100,2023-08-30,229.53,completed
1408,350,2024-02-16,637.32,completed
1409,820,2025-02-25,526.77,completed
1410,719,2025-02-04,897.91,completed
1411,505,2023-10-08,719.69,completed
1412,739,2025-03-04,261.75,completed
1413,201,2024-03-15,930.91,completed
1414,403,2024-06-11,826.31,completed
1415,196,2024-04-23,116.69,completed
1416,425,2023-10-27,636.91,completed
1417,689,2024-06-12,774.42,completed
1418,462,2023-06-21,593.42,completed
1419,517,2024-11-13,503.84,completed
1420,544,2023-10-13,557.69,completed
1421,444,2023-11-23,488.1,failed
1422,521,2025-05-06,911.08,completed
1423,709,2023-11-01,733.19,completed
1424,132,2024-02-10,660.95,completed
1425,621,2024-02-14,509.07,failed
1426,394,2023-08-22,612.9,completed
1427,710,2023-11-11,280.86,completed
1428,987,2023-12-21,301.23,completed
1429,825,2025-04-17,418.62,completed
1430,717,2023-11-25,517.17,failed
1431,864,2024-05-25,862.1,completed
1432,729,2023-08-30,558.05,completed
1433,223,2025-01-03,627.93,completed
1434,298,2023-12-28,921.98,completed
1435,136,2023-10-18,653.59,failed
1436,982,2024-12-03,547.07,completed
1437,653,2024-08-25,124.25,completed
1438,361,2025-04-07,586.98,completed
1439,966,2025-02-12,423.3,completed
1440,766,2024-04-06,538.56,failed
1441,899,2023-06-24,810.22,failed
1442,536,2024-06-25,387.06,completed
1443,55,2023-10-22,207.9,completed
1444,769,2024-03-14,983.7,completed
1445,700,2023-09-06,840.99,completed
1446,708,2024-06-20,211.96,completed
1447,555,2024-08-21,815.89,completed
1448,105,2024-12-05,678.77,completed
1449,576,2024-04-22,744.99,failed
1450,575,2024-12-14,515.81,completed
1451,816,2023-12-03,294.76,completed
1452,681,2025-05-30,387.77,completed
1453,427,2024-06-21,976.06,failed
1454,321,2024-11-21,63.26,failed
1455,762,2024-04-08,624.36,completed
1456,800,2025-03-27,448.63,failed
1457,231,2024-06-14,707.58,failed
1458,664,2024-12-20,592.5,completed
1459,757,2023-12-26,778.39,completed
1460,988,2025-02-02,454.33,completed
1461,700,2025-06-02,962.85,completed
1462,753,2023-09-03,383.43,completed
1463,439,2024-04-17,271.6,completed
1464,165,2023-09-28,262.47,completed
1465,339,2024-02-23,938.12,completed
1466,41,2025-02-02,329.4,completed
1467,53,2025-06-16,629.11,completed
1468,864,2023-10-02,495.65,completed
1469,587,2024-04-26,82.15,completed
1470,725,2025-02-10,227.76,completed
1471,189,2024-03-01,788.4,completed
1472,164,2025-05-18,541.67,completed
1473,95,2024-01-26,884.56,completed
1474,680,2025-03-18,367.19,completed
1475,224,2024-11-26,622.1,failed
1476,487,2025-01-08,825.45,failed
1477,665,2025-04-28,672.25,completed
1478,457,2024-05-15,645.84,completed
1479,941,2024-09-26,959.31,completed
1480,699,2024-04-21,387.56,failed
1481,816,2024-08-08,392.02,failed
1482,554,2023-08-15,34.46,completed
1483,530,2024-03-16,381.21,failed
1484,823,2024-07-04,491.94,completed
1485,304,2024-11-22,200.59,failed
1486,527,2025-01-16,105.0,completed
1487,995,2024-09-18,542.6,failed
1488,8,2023-07-11,218.67,completed
1489,645,2023-12-10,866.3,completed
1490,435,2025-05-08,213.52,failed
1491,849,2024-10-05,976.46,completed
1492,794,2023-11-06,818.59,completed
1493,74,2025-02-06,162.22,completed
1494,471,2023-12-20,47.51,completed
1495,76,2024-04-02,796.27,completed
1496,572,2024-03-28,823.4,completed
1497,933,2024-03-10,394.15,completed
1498,646,2024-07-14,323.24,completed
1499,399,2025-03-21,539.49,completed
1500,657,2023-06-22,72.61,completed
1501,764,2024-10-07,703.87,completed
1502,75,2024-09-28,507.81,completed
1503,297,2025-01-24,308.34,completed
1504,89,2024-04-25,927.42,completed
1505,391,2025-05-31,664.12,completed
1506,486,2023-08-20,227.67,completed
1507,765,2024-11-03,799.51,completed
1508,559,2023-12-16,637.71,completed
1509,306,2023-10-06,915.03,completed
1510,815,2024-07-13,651.46,failed
1511,981,2023-11-14,557.99,failed
1512,569,2023-07-25,51.36,completed
1513,587,2023-12-02,541.78,completed
1514,970,2024-02-10,217.95,completed
1515,760,2024-05-24,350.41,failed
1516,423,2023-09-01,852.94,failed
1517,146,2024-03-10,228.58,completed
1518,855,2024-04-14,123.48,completed
1519,688,2024-11-10,853.73,completed
1520,872,2023-11-07,990.18,completed
1521,563,2024-05-16,554.17,completed
1522,298,2023-10-16,258.18,completed
1523,203,2024-01-28,492.32,completed
1524,339,2024-02-17,674.58,completed
1525,241,2024-04-16,623.32,completed
1526,922,2024-11-26,491.0,completed
1527,337,2025-03-19,312.62,completed
1528,599,2024-06-28,571.19,completed
1529,828,2023-07-18,434.02,completed
1530,5,2024-01-09,787.8,completed
1531,730,2024-05-13,441.76,completed
1532,861,2023-11-07,682.78,completed
1533,340,2023-10-26,468.22,failed
1534,368,2024-04-25,492.1,completed
1535,112,2024-12-01,610.56,completed
1536,862,2024-07-26,828.18,completed
1537,913,2025-03-29,270.6,completed
1538,908,2023-09-11,730.15,completed
1539,914,2024-06-16,512.11,completed
1540,32,2025-03-08,583.11,failed
1541,788,2023-08-24,907.24,completed
1542,565,2024-03-15,895.05,completed
1543,553,2024-12-04,777.45,completed
1544,375,2025-01-10,892.52,completed
1545,604,2023-09-07,298.09,completed
1546,476,2024-11-11,99.65,completed
1547,373,2025-04-20,666.05,completed
1548,869,2024-04-30,982.03,failed
1549,701,2025-03-06,519.0,completed
1550,457,2025-03-08,570.69,completed
1551,580,2023-06-30,968.06,completed
1552,754,2023-10-23,939.78,completed
1553,42,2024-02-23,492.77,completed
1554,65,2023-09-28,241.68,completed
1555,685,2024-09-09,908.65,completed
1556,370,2024-07-18,918.72,completed
1557,903,2024-04-14,980.78,completed
1558,332,2024-12-05,968.76,completed
1559,649,2024-06-08,836.52,failed
1560,270,2023-06-30,574.46,completed
1561,386,2024-07-02,371.64,completed
1562,670,2024-11-09,87.06,failed
1563,258,2024-11-22,908.17,completed
1564,529,2024-04-28,819.06,completed
1565,354,2024-05-14,487.29,completed
1566,619,2025-02-09,883.21,completed
1567,451,2023-08-02,86.32,completed
1568,659,2024-02-11,158.74,completed
1569,162,2024-05-16,720.13,completed
1570,122,2024-01-07,420.47,completed
1571,339,2025-01-17,486.7,completed
1572,491,2024-10-25,594.88,completed
1573,663,2023-09-19,32.22,failed
1574,45,2024-10-01,596.42,completed
1575,138,2025-03-08,48.8,completed
1576,587,2025-03-05,174.68,completed
1577,945,2025-05-26,958.66,completed
1578,614,2024-06-04,641.25,failed
1579,900,2024-07-14,665.13,completed
1580,291,2024-04-05,224.43,failed
1581,622,2025-02-16,868.63,failed
1582,175,2024-06-22,416.66,completed
1583,147,2024-12-25,822.25,completed
1584,187,2024-03-07,515.7,completed
1585,172,2025-04-06,349.24,completed
1586,465,2024-08-09,78.15,completed
1587,388,2024-03-30,117.48,completed
1588,208,2023-09-15,910.25,completed
1589,701,2025-02-20,158.07,completed
1590,99,2023-11-06,902.59,completed
1591,615,2024-05-15,786.03,completed
1592,516,2024-08-06,102.26,completed
1593,676,2025-01-31,607.44,completed
1594,848,2024-04-13,938.36,completed
1595,695,2025-04-26,526.82,completed
1596,380,2024-11-26,700.67,failed
1597,440,2023-08-22,804.28,completed
1598,809,2023-10-15,357.01,completed
1599,824,2023-06-26,763.92,completed
1600,714,2024-03-08,431.23,completed
1601,261,2025-06-15,240.19,completed
1602,880,2024-12-21,602.31,completed
1603,557,2024-09-21,197.13,completed
1604,727,2024-01-07,17.04,completed
1605,536,2023-11-21,17.12,completed
1606,671,2024-07-24,806.24,completed
1607,419,2025-03-13,163.23,completed
1608,668,2024-10-10,268.69,completed
1609,549,2025-01-06,371.99,completed
1610,283,2025-04-28,403.48,failed
1611,209,2024-06-08,785.95,completed
1612,495,2024-05-23,563.5,completed
1613,496,2023-07-28,313.59,completed
1614,353,2024-06-15,404.15,completed
1615,142,2024-01-25,662.69,failed
1616,766,2023-07-21,785.28,completed
1617,973,2023-09-23,222.31,completed
1618,411,2025-04-25,802.85,completed
1619,629,2024-07-05,709.72,completed
1620,165,2024-06-12,639.52,completed
1621,824,2024-04-01,153.88,completed
1622,949,2023-07-29,97.26,completed
1623,270,2025-05-11,89.24,completed
1624,39,2024-09-28,931.38,completed
1625,411,2024-12-05,525.8,completed
1626,729,2024-04-02,66.89,failed
1627,793,2024-01-02,643.89,failed
1628,450,2024-05-16,852.06,completed
1629,954,2024-03-09,293.15,failed
1630,35,2024-11-26,515.44,completed
1631,716,2024-02-06,177.79,completed
1632,37,2025-02-05,658.47,completed
1633,1000,2025-03-18,996.85,completed
1634,799,2023-07-09,672.97,completed
1635,416,2024-08-15,522.57,completed
1636,755,2024-01-14,919.99,completed
1637,563,2023-11-06,831.47,completed
1638,937,2024-02-03,354.0,completed
1639,836,2024-03-24,610.3,completed
1640,200,2024-05-09,409.92,completed
1641,5,2023-07-04,413.06,completed
1642,110,2024-06-02,508.14,completed
1643,349,2024-02-28,804.91,failed
1644,980,2024-02-07,542.52,completed
1645,813,2024-10-26,697.25,completed
1646,990,2023-07-18,488.79,completed
1647,250,2024-09-25,961.63,completed
1648,470,2023-09-15,897.56,completed
1649,883,2024-03-24,125.11,completed
1650,70,2025-01-09,790.77,completed
1651,226,2023-07-19,237.63,completed
1652,324,2024-08-06,359.57,completed
1653,549,2025-01-14,833.86,completed
1654,255,2024-04-23,404.94,completed
1655,767,2023-12-31,85.27,failed
1656,954,2023-11-04,320.73,completed
1657,224,2023-08-25,276.39,failed
1658,970,2024-08-09,930.95,completed
1659,195,2023-09-02,207.67,completed
1660,754,2023-09-26,272.75,completed
1661,235,2025-01-05,257.2,completed
1662,634,2023-10-11,781.15,completed
1663,123,2024-10-24,679.05,failed
1664,680,2024-07-08,16.56,completed
1665,878,2024-05-20,51.84,completed
1666,494,2025-05-14,322.26,completed
1667,920,2024-01-20,898.03,failed
1668,890,2024-03-15,191.04,completed
1669,783,2024-06-10,287.46,failed
1670,228,2024-12-07,136.96,completed
1671,539,2024-10-12,483.54,completed
1672,554,2023-12-27,353.82,completed
1673,882,2025-06-03,183.05,completed
1674,1000,2025-03-23,523.02,completed
1675,324,2025-05-22,21.7,completed
1676,216,2025-03-30,109.74,completed
1677,371,2025-06-14,267.1,completed
1678,562,2025-01-10,276.71,completed
1679,982,2025-03-19,372.26,completed
1680,511,2024-07-31,424.9,completed
1681,771,2024-09-05,855.78,completed
1682,287,2024-06-11,575.7,completed
1683,590,2023-07-22,816.05,completed
1684,739,2023-08-19,243.45,completed
1685,443,2024-02-29,204.1,failed
1686,820,2024-04-05,158.05,failed
1687,826,2023-07-20,427.31,completed
1688,138,2023-10-12,850.9,failed
1689,530,2024-10-06,322.57,completed
1690,499,2025-01-03,566.52,completed
1691,582,2024-10-28,107.99,completed
1692,168,2025-03-13,815.68,completed
1693,488,2025-05-06,105.34,failed
1694,763,2023-09-07,367.35,completed
1695,574,2024-04-12,811.92,completed
1696,353,2024-07-23,130.03,completed
1697,889,2025-01-04,609.52,completed
1698,591,2023-08-21,652.64,completed
1699,179,2024-03-09,291.76,failed
1700,333,2025-06-10,492.62,completed
1701,755,2024-10-27,87.62,completed
1702,629,2025-01-22,635.4,completed
1703,149,2024-02-10,644.17,failed
1704,951,2024-05-14,634.96,completed
1705,586,2024-04-27,908.0,completed
1706,82,2023-07-08,235.94,completed
1707,325,2023-11-10,713.33,completed
1708,620,2025-01-21,278.54,completed
1709,456,2024-01-06,939.38,completed
1710,766,2025-01-01,965.87,completed
1711,424,2024-11-09,855.67,completed
1712,129,2025-01-17,665.4,completed
1713,964,2025-05-06,752.24,completed
1714,216,2023-08-21,111.98,completed
1715,66,2025-04-01,478.45,failed
1716,56,2025-05-29,403.04,completed
1717,784,2024-05-22,112.89,failed
1718,633,2023-09-19,658.28,completed
1719,907,2025-02-26,237.06,completed
1720,756,2023-11-16,630.22,completed
1721,135,2024-09-06,178.9,completed
1722,36,2024-01-09,861.77,completed
1723,334,2024-02-11,472.52,failed
1724,892,2024-10-11,279.69,completed
1725,456,2024-07-24,949.0,completed
1726,553,2024-08-12,601.61,completed
1727,647,2025-04-14,878.52,completed
1728,446,2025-02-26,643.13,completed
1729,318,2023-12-27,486.84,failed
1730,233,2024-12-11,447.44,failed
1731,375,2025-03-02,164.16,completed
1732,11,2023-07-28,817.23,completed
1733,869,2024-04-06,293.89,completed
1734,548,2024-09-08,922.87,completed
1735,970,2024-06-22,306.61,completed
1736,785,2023-12-05,299.99,completed
1737,237,2025-01-31,552.73,completed
1738,194,2025-06-16,564.95,completed
1739,405,2024-05-25,717.79,completed
1740,662,2024-01-20,384.57,completed
1741,270,2025-01-21,629.07,completed
1742,530,2024-12-07,910.85,completed
1743,827,2025-02-14,279.15,completed
1744,665,2023-11-12,810.72,completed
1745,423,2024-01-22,77.78,completed
1746,140,2024-07-14,640.52,completed
1747,633,2024-11-23,703.47,completed
1748,504,2023-07-26,29.2,completed
1749,51,2024-10-02,31.91,failed
1750,996,2024-04-25,276.5,completed
1751,733,2025-05-27,18.12,completed
1752,93,2023-11-08,498.64,completed
1753,351,2024-11-28,787.87,completed
1754,511,2024-01-28,469.05,failed
1755,811,2024-01-18,89.42,completed
1756,769,2023-06-24,65.48,failed
1757,795,2024-05-02,547.76,completed
1758,186,2023-11-28,843.12,completed
1759,837,2023-07-05,22.49,completed
1760,998,2025-02-17,256.47,completed
1761,790,2024-05-07,254.69,failed
1762,35,2024-11-12,737.97,completed
1763,97,2023-09-29,982.29,completed
1764,485,2024-01-20,961.6,completed
1765,959,2024-01-14,632.87,completed
1766,44,2024-06-14,554.08,completed
1767,126,2024-09-28,642.13,completed
1768,204,2025-02-23,61.57,completed
1769,683,2024-10-26,121.8,completed
1770,649,2024-02-23,24.92,completed
1771,814,2023-09-04,128.45,completed
1772,809,2023-12-09,969.15,completed
1773,596,2023-12-12,480.52,completed
1774,611,2023-07-05,773.09,completed
1775,255,2024-12-22,100.49,completed
1776,634,2024-02-28,969.96,completed
1777,778,2023-12-09,69.18,completed
1778,661,2023-08-09,540.99,completed
1779,110,2024-10-07,240.35,completed
1780,572,2024-01-30,759.13,completed
1781,825,2025-01-06,735.86,failed
1782,22,2024-12-25,364.59,completed
1783,138,2024-10-06,49.09,completed
1784,724,2025-03-24,301.77,completed
1785,714,2024-06-12,571.03,completed
1786,557,2024-09-19,735.08,completed
1787,282,2024-05-12,602.69,failed
1788,882,2024-10-26,78.19,completed
1789,159,2024-09-25,821.22,completed
1790,555,2024-03-02,10.71,completed
1791,654,2024-08-14,736.32,completed
1792,905,2024-04-18,858.26,completed
1793,795,2024-06-24,327.49,completed
1794,65,2025-06-12,543.57,completed
1795,397,2024-08-27,686.39,completed
1796,785,2023-06-30,616.91,completed
1797,331,2024-03-13,328.8,completed
1798,99,2024-03-11,76.01,completed
1799,856,2024-02-24,186.85,failed
1800,33,2024-03-16,490.52,completed
1801,102,2025-03-20,645.33,completed
1802,398,2024-05-31,530.56,completed
1803,719,2023-10-16,58.59,completed
1804,227,2024-06-13,80.17,completed
1805,953,2025-04-14,659.19,failed
1806,951,2025-01-17,89.16,failed
1807,821,2024-07-12,367.32,completed
1808,762,2023-12-01,421.79,failed
1809,378,2024-08-07,67.72,completed
1810,632,2024-12-13,50.25,completed
1811,73,2023-10-31,87.16,failed
1812,222,2024-11-24,106.15,failed
1813,743,2024-04-18,391.48,completed
1814,198,2024-01-05,256.28,completed
1815,641,2024-04-28,562.84,failed
1816,572,2023-07-16,114.46,completed
1817,654,2024-11-15,677.75,completed
1818,720,2025-04-12,884.0,completed
1819,171,2024-09-06,554.47,completed
1820,517,2023-08-21,166.59,completed
1821,615,2024-10-23,358.8,completed
1822,323,2024-07-02,996.88,completed
1823,866,2024-08-29,766.54,completed
1824,441,2024-03-15,330.22,failed
1825,247,2023-08-24,221.79,completed
1826,785,2023-11-29,747.13,completed
1827,369,2025-01-21,453.02,failed
1828,407,2024-08-05,44.32,completed
1829,292,2024-04-02,522.43,completed
1830,912,2024-02-12,307.33,completed
1831,228,2024-02-02,321.76,completed
1832,791,2025-01-24,692.82,failed
1833,283,2024-02-20,516.16,failed
1834,585,2024-06-05,163.17,failed
1835,39,2024-11-25,164.55,completed
1836,272,2024-06-18,586.33,completed
1837,239,2023-07-13,307.3,completed
1838,585,2023-10-20,918.7,completed
1839,752,2024-10-18,331.45,completed
1840,495,2024-09-17,827.45,completed
1841,707,2023-10-28,821.32,completed
1842,98,2024-10-17,307.39,completed
1843,749,2024-03-20,387.73,failed
1844,799,2024-09-01,773.19,completed
1845,357,2024-05-21,439.96,failed
1846,953,2024-05-08,871.09,failed
1847,233,2025-02-04,850.98,completed
1848,951,2023-07-09,779.64,completed
1849,392,2025-01-24,529.14,completed
1850,327,2024-01-27,158.08,completed
1851,515,2024-08-26,161.67,completed
1852,690,2025-01-18,398.95,completed
1853,457,2024-07-06,579.5,completed
1854,93,2023-12-20,296.89,completed
1855,404,2024-04-07,342.81,completed
1856,488,2025-06-05,58.82,completed
1857,409,2024-08-11,404.54,completed
1858,445,2023-10-01,139.07,completed
1859,139,2024-04-09,206.13,completed
1860,405,2024-10-04,204.14,completed
1861,631,2025-04-10,529.01,failed
1862,249,2023-09-24,779.0,completed
1863,332,2023-09-04,580.26,completed
1864,116,2024-04-23,429.31,completed
1865,357,2023-12-07,351.08,completed
1866,672,2023-12-02,311.77,completed
1867,359,2023-09-14,990.26,completed
1868,453,2024-09-06,446.06,completed
1869,947,2024-01-31,207.69,failed
1870,383,2023-11-06,731.2,completed
1871,88,2025-04-22,63.99,completed
1872,972,2023-10-22,156.2,completed
1873,853,2025-02-05,23.6,failed
1874,711,2025-02-13,312.07,failed
1875,483,2025-01-11,216.92,completed
1876,551,2024-04-27,550.96,completed
1877,769,2024-08-21,488.2,completed
1878,748,2024-05-03,698.12,failed
1879,685,2024-03-20,587.17,completed
1880,680,2025-01-24,262.9,completed
1881,62,2023-12-07,791.3,completed
1882,633,2024-05-10,470.31,completed
1883,968,2025-05-20,394.76,completed
1884,278,2024-09-28,913.74,completed
1885,369,2024-01-23,28.89,failed
1886,889,2024-02-24,392.66,failed
1887,390,2025-02-08,712.59,completed
1888,926,2024-03-29,868.11,completed
1889,545,2024-10-22,206.89,completed
1890,990,2023-09-11,927.09,completed
1891,23,2024-11-17,923.05,completed
1892,313,2025-05-08,399.47,completed
1893,161,2024-12-05,687.47,completed
1894,364,2024-10-24,243.84,completed
1895,514,2025-02-01,71.39,completed
1896,264,2024-10-27,891.5,failed
1897,835,2024-02-22,944.7,failed
1898,972,2024-07-15,160.19,completed
1899,919,2024-08-10,145.89,completed
1900,748,2024-08-07,961.0,completed
1901,628,2024-04-20,689.66,failed
1902,428,2023-12-12,161.22,completed
1903,994,2025-04-18,609.32,completed
1904,460,2024-04-29,214.69,completed
1905,142,2024-07-09,687.21,completed
1906,208,2025-01-28,315.91,failed
1907,723,2024-06-15,910.47,failed
1908,441,2024-01-29,976.02,failed
1909,149,2025-03-23,569.2,completed
1910,162,2025-06-08,561.77,completed
1911,972,2024-06-04,192.29,completed
1912,860,2023-10-20,729.81,failed
1913,784,2025-06-07,973.17,completed
1914,985,2025-04-29,448.57,completed
1915,957,2023-11-05,640.48,failed
1916,757,2024-04-26,781.32,completed
1917,110,2024-01-31,35.94,completed
1918,627,2023-06-23,609.55,completed
1919,628,2024-08-07,239.86,completed
1920,704,2025-03-26,88.68,completed
1921,799,2024-03-06,507.3,completed
1922,620,2025-02-02,653.07,completed
1923,189,2024-06-15,496.53,failed
1924,141,2024-11-11,234.01,completed
1925,419,2023-11-01,24.86,completed
1926,277,2024-12-02,230.33,failed
1927,688,2025-05-25,760.2,failed
1928,68,2023-09-05,955.15,completed
1929,450,2024-04-13,495.04,failed
1930,333,2024-09-13,888.71,failed
1931,438,2024-11-09,51.41,completed
1932,753,2024-05-10,723.0,failed
1933,404,2024-05-10,745.04,completed
1934,609,2024-05-04,644.98,completed
1935,722,2023-11-14,525.44,completed
1936,463,2024-10-27,878.99,completed
1937,899,2023-07-13,523.52,failed
1938,406,2024-10-13,48.86,failed
1939,397,2023-12-12,634.34,completed
1940,51,2023-10-06,445.16,completed
1941,906,2024-10-06,829.34,completed
1942,473,2024-10-14,301.48,completed
1943,942,2024-07-15,521.8,completed
1944,146,2023-08-22,649.64,completed
1945,93,2024-09-28,122.04,completed
1946,798,2024-09-06,895.38,completed
1947,560,2025-01-09,419.42,completed
1948,462,2024-05-03,459.14,completed
1949,919,2023-07-08,209.91,completed
1950,466,2024-02-28,330.83,completed
1951,665,2024-10-06,798.52,failed
1952,736,2024-01-01,100.28,completed
1953,724,2023-10-28,369.31,completed
1954,537,2024-09-05,729.61,completed
1955,999,2024-10-18,950.26,completed
1956,388,2024-06-21,53.47,completed
1957,175,2024-12-03,569.84,failed
1958,676,2023-08-30,170.5,failed
1959,149,2024-04-03,714.93,completed
1960,430,2023-07-08,732.86,completed
1961,985,2025-01-18,630.19,completed
1962,121,2024-09-30,960.83,failed
1963,4,2025-05-07,260.58,completed
1964,470,2025-02-23,503.66,completed
1965,827,2024-11-10,883.88,completed
1966,244,2024-04-18,662.88,completed
1967,465,2024-08-22,88.61,completed
1968,615,2024-07-22,883.35,completed
1969,285,2025-04-21,561.97,completed
1970,846,2023-11-17,192.99,completed
1971,57,2025-04-11,46.35,completed
1972,875,2025-05-30,582.31,completed
1973,618,2023-10-24,921.18,completed
1974,51,2024-06-10,993.8,completed
1975,166,2024-04-02,614.98,completed
1976,709,2025-01-02,576.56,completed
1977,576,2025-04-30,460.78,completed
1978,593,2023-12-23,45.48,completed
1979,787,2023-11-04,374.88,completed
1980,389,2024-06-21,760.86,failed
1981,864,2025-06-17,299.9,completed
1982,138,2024-12-25,860.81,completed
1983,338,2025-06-05,529.4,completed
1984,713,2023-11-23,67.6,completed
1985,586,2024-02-26,632.69,completed
1986,90,2023-10-02,691.77,completed
1987,957,2024-02-03,709.74,completed
1988,438,2023-08-10,323.32,completed
1989,539,2025-05-15,627.01,completed
1990,950,2023-07-14,567.01,completed
1991,533,2023-11-28,502.76,completed
1992,828,2024-09-11,613.31,completed
1993,726,2024-06-13,201.62,completed
1994,122,2024-06-11,629.21,completed
1995,121,2023-12-28,215.26,completed
1996,631,2024-12-03,419.9,failed
1997,342,2024-10-01,807.98,completed
1998,218,2024-05-30,209.18,completed
1999,289,2023-12-25,77.16,completed
2000,308,2025-02-28,330.68,completed
2001,7,2023-11-05,339.95,completed
2002,406,2024-06-13,619.83,completed
2003,30,2024-07-13,202.08,failed
2004,854,2024-10-31,675.75,completed
2005,939,2023-09-15,45.2,completed
2006,140,2025-03-06,630.93,completed
2007,914,2024-10-02,896.97,failed
2008,474,2025-04-01,419.81,completed
2009,761,2024-03-04,525.86,completed
2010,579,2025-04-28,322.35,completed
2011,549,2025-06-04,581.62,completed
2012,340,2025-05-26,889.15,completed
2013,363,2023-10-22,157.81,completed
2014,861,2023-12-28,983.78,completed
2015,642,2024-06-14,174.31,completed
2016,621,2025-01-01,599.24,completed
2017,886,2023-08-14,315.2,completed
2018,879,2023-06-26,41.31,completed
2019,424,2025-01-22,878.28,completed
2020,381,2023-07-16,951.22,completed
2021,222,2024-12-01,183.26,completed
2022,384,2024-11-27,780.01,completed
2023,936,2024-05-01,510.93,completed
2024,819,2025-04-24,505.05,completed
2025,195,2024-07-28,488.64,completed
2026,895,2024-06-20,777.78,completed
2027,147,2025-04-20,107.27,completed
2028,961,2024-04-15,992.79,completed
2029,211,2023-08-14,464.77,completed
2030,731,2025-02-18,124.68,failed
2031,319,2024-05-09,690.18,failed
2032,609,2024-01-08,339.96,failed
2033,911,2025-05-07,525.37,completed
2034,675,2024-12-28,32.26,completed
2035,777,2024-08-11,893.21,completed
2036,329,2023-09-22,293.7,completed
2037,546,2024-12-27,446.7,completed
2038,121,2025-02-13,165.92,completed
2039,118,2024-10-04,626.72,completed
2040,527,2024-11-04,547.1,completed
2041,563,2024-08-08,150.14,completed
2042,722,2024-12-27,578.34,failed
2043,176,2023-07-09,617.13,completed
2044,347,2024-05-26,60.22,completed
2045,30,2024-06-28,678.74,completed
2046,109,2025-03-24,95.26,completed
2047,402,2025-01-04,600.16,completed
2048,607,2023-08-06,693.22,completed
2049,457,2024-02-03,319.32,completed
2050,838,2025-03-12,760.82,completed
2051,829,2024-04-25,973.95,completed
2052,774,2025-03-25,572.11,completed
2053,96,2025-03-20,920.49,failed
2054,480,2025-01-04,317.29,completed
2055,660,2025-02-07,470.74,completed
2056,238,2023-07-21,152.28,failed
2057,918,2024-03-29,913.73,completed
2058,402,2024-04-26,918.09,completed
2059,339,2024-12-28,883.58,completed
2060,465,2025-06-10,74.71,completed
2061,116,2024-07-22,466.63,completed
2062,175,2024-10-21,355.13,completed
2063,589,2024-11-06,111.9,completed
2064,838,2024-05-27,115.91,completed
2065,570,2024-05-18,794.51,completed
2066,546,2025-02-21,594.63,completed
2067,245,2023-09-25,552.47,completed
2068,998,2023-09-09,75.4,completed
2069,214,2023-10-12,595.06,failed
2070,804,2025-04-08,571.54,failed
2071,351,2024-01-10,243.79,completed
2072,679,2025-01-29,741.97,completed
2073,729,2025-03-22,491.76,completed
2074,607,2024-09-13,332.12,completed
2075,100,2025-01-26,184.41,failed
2076,979,2025-02-24,602.28,completed
2077,702,2023-09-15,773.63,failed
2078,389,2025-01-01,648.54,completed
2079,63,2023-10-30,818.86,completed
2080,909,2024-03-31,757.44,completed
2081,830,2024-05-06,155.26,completed
2082,153,2024-11-11,298.59,completed
2083,631,2024-03-10,203.71,completed
2084,698,2023-10-09,306.74,failed
2085,814,2025-05-30,311.5,failed
2086,966,2023-12-26,720.61,failed
2087,938,2025-02-27,98.39,completed
2088,9,2024-06-29,515.32,completed
2089,868,2023-12-01,301.24,completed
2090,379,2024-01-12,968.22,failed
2091,1,2023-09-04,822.55,completed
2092,368,2024-03-03,289.39,completed
2093,32,2024-10-31,705.2,completed
2094,404,2024-12-10,714.66,completed
2095,416,2023-08-17,549.67,completed
2096,679,2024-06-10,147.68,completed
2097,569,2025-05-19,925.24,completed
2098,861,2024-12-22,295.59,completed
2099,894,2024-07-06,142.93,completed
2100,74,2025-01-25,152.56,completed
2101,907,2023-12-28,442.37,completed
2102,140,2025-01-28,645.82,completed
2103,426,2024-01-08,894.65,failed
2104,713,2024-03-12,431.45,completed
2105,185,2024-02-05,429.88,completed
2106,840,2024-12-07,361.75,completed
2107,191,2024-05-31,17.36,completed
2108,511,2024-03-03,244.38,failed
2109,514,2025-02-21,927.3,completed
2110,591,2024-06-04,978.45,completed
2111,582,2024-12-15,374.89,completed
2112,595,2024-01-07,693.59,completed
2113,146,2024-09-04,531.14,completed
2114,880,2024-01-20,781.08,failed
2115,477,2024-09-24,528.12,completed
2116,625,2023-07-18,477.73,completed
2117,760,2025-02-01,672.03,completed
2118,701,2023-10-07,800.12,completed
2119,320,2023-10-13,904.55,completed
2120,548,2024-07-30,474.18,completed
2121,525,2024-01-31,578.23,failed
2122,340,2023-07-11,960.98,completed
2123,818,2023-12-09,175.83,completed
2124,712,2025-05-04,751.93,failed
2125,745,2024-04-04,267.84,completed
2126,645,2024-08-31,177.39,completed
2127,53,2024-03-28,298.84,completed
2128,756,2024-12-26,293.95,completed
2129,85,2024-02-02,86.09,completed
2130,803,2024-02-14,141.21,completed
2131,288,2024-12-28,264.39,completed
2132,760,2023-10-21,182.87,completed
2133,606,2024-09-03,662.56,completed
2134,379,2024-10-25,268.64,failed
2135,718,2024-02-12,189.0,completed
2136,541,2024-06-24,349.42,failed
2137,87,2024-12-25,599.59,failed
2138,842,2024-05-27,500.99,completed
2139,423,2024-11-24,245.57,completed
2140,451,2024-02-05,175.61,completed
2141,592,2023-10-18,351.62,completed
2142,658,2025-01-18,821.34,completed
2143,54,2025-03-07,404.76,completed
2144,309,2024-12-11,948.77,completed
2145,945,2023-09-28,386.0,completed
2146,723,2023-10-12,270.0,completed
2147,544,2024-10-04,21.74,failed
2148,950,2024-02-03,388.18,completed
2149,324,2025-04-18,686.05,failed
2150,43,2024-04-14,535.98,completed
2151,363,2024-01-06,437.47,failed
2152,941,2024-10-27,279.86,completed
2153,277,2023-12-15,107.29,completed
2154,671,2023-07-12,466.5,completed
2155,692,2025-04-11,736.97,completed
2156,603,2023-12-02,524.75,completed
2157,694,2024-09-16,188.12,completed
2158,561,2024-02-11,18.39,completed
2159,70,2023-10-14,106.72,completed
2160,107,2024-09-16,358.0,completed
2161,743,2023-06-30,201.15,completed
2162,25,2024-01-08,66.31,completed
2163,609,2024-03-29,837.1,completed
2164,974,2025-01-01,130.57,completed
2165,981,2024-07-20,857.88,completed
2166,134,2025-01-20,766.22,completed
2167,664,2025-04-26,967.49,completed
2168,918,2024-07-26,192.42,completed
2169,302,2024-05-01,936.82,completed
2170,655,2024-06-25,995.29,completed
2171,788,2024-10-13,904.36,completed
2172,789,2025-05-20,264.76,completed
2173,800,2023-10-31,779.33,completed
2174,392,2024-03-14,996.0,completed
2175,265,2024-11-02,272.02,failed
2176,452,2023-10-20,979.63,completed
2177,206,2024-09-19,186.66,completed
2178,504,2025-04-13,545.23,completed
2179,442,2024-07-14,646.9,completed
2180,935,2024-02-20,266.41,completed
2181,36,2024-07-31,575.63,completed
2182,257,2024-04-06,28.58,completed
2183,510,2024-04-09,643.93,completed
2184,956,2025-04-23,396.58,completed
2185,156,2025-06-09,905.57,completed
2186,589,2024-07-01,710.53,completed
2187,790,2024-11-05,441.7,completed
2188,865,2023-10-30,814.15,completed
2189,72,2025-04-27,13.27,completed
2190,978,2024-08-01,782.03,completed
2191,125,2024-06-29,935.69,completed
2192,368,2023-11-04,309.8,completed
2193,57,2024-06-30,959.24,completed
2194,93,2025-05-17,854.81,completed
2195,349,2024-04-11,465.04,completed
2196,785,2023-07-02,211.09,completed
2197,568,2024-11-21,390.32,completed
2198,196,2023-08-10,396.2,completed
2199,110,2024-03-12,365.67,completed
2200,87,2023-12-12,443.6,failed
2201,195,2024-02-16,201.16,completed
2202,738,2023-11-28,246.1,failed
2203,399,2023-12-12,545.15,completed
2204,316,2023-10-15,965.3,completed
2205,832,2024-01-23,995.88,completed
2206,38,2024-10-05,344.34,completed
2207,739,2025-02-14,127.01,completed
2208,827,2025-01-07,527.89,completed
2209,963,2025-02-23,875.51,completed
2210,153,2023-09-21,240.66,completed
2211,74,2024-11-06,150.17,completed
2212,670,2023-11-20,908.11,completed
2213,634,2024-03-23,704.28,completed
2214,134,2024-07-12,636.33,completed
2215,927,2024-06-11,795.76,completed
2216,468,2024-09-05,837.0,completed
2217,66,2025-05-29,115.27,failed
2218,510,2024-10-29,619.47,completed
2219,65,2025-05-24,431.95,failed
2220,831,2023-06-30,740.55,failed
2221,412,2025-04-03,976.09,completed
2222,590,2025-01-20,328.37,completed
2223,988,2025-04-07,766.59,completed
2224,608,2025-03-18,72.59,completed
2225,281,2025-02-18,421.0,completed
2226,714,2025-02-21,173.36,completed
2227,250,2024-08-01,50.29,failed
2228,103,2025-05-18,635.87,completed
2229,386,2023-12-15,25.47,completed
2230,499,2025-01-16,17.15,completed
2231,949,2023-11-25,655.24,completed
2232,909,2024-03-29,696.57,completed
2233,812,2024-11-17,695.43,completed
2234,212,2023-07-16,278.24,completed
2235,462,2024-04-25,938.71,completed
2236,626,2024-10-19,600.31,completed
2237,735,2023-09-05,950.8,completed
2238,643,2024-03-02,308.19,failed
2239,429,2024-07-19,243.28,completed
2240,121,2023-08-12,977.02,failed
2241,634,2024-01-17,763.52,completed
2242,553,2024-08-23,469.57,completed
2243,642,2024-08-09,283.66,completed
2244,199,2025-04-08,157.73,completed
2245,865,2025-01-16,479.67,failed
2246,181,2024-08-11,923.45,completed
2247,56,2025-04-28,292.21,completed
2248,446,2023-08-21,620.65,completed
2249,912,2025-03-01,52.88,completed
2250,759,2023-08-03,541.99,completed
2251,162,2024-06-01,490.21,completed
2252,119,2024-09-03,242.95,completed
2253,456,2024-07-31,332.71,completed
2254,204,2023-12-30,899.39,completed
2255,236,2023-12-28,332.87,completed
2256,101,2024-01-05,418.47,completed
2257,205,2025-03-01,228.46,completed
2258,483,2025-01-15,63.8,completed
2259,447,2023-11-09,928.61,completed
2260,466,2024-12-07,379.75,completed
2261,469,2025-06-17,635.7,completed
2262,999,2024-11-07,342.53,completed
2263,33,2025-04-17,69.06,completed
2264,140,2023-12-28,470.88,completed
2265,429,2023-12-15,350.14,completed
2266,908,2024-12-07,165.22,completed
2267,814,2024-12-29,615.41,completed
2268,175,2024-06-09,557.23,completed
2269,236,2023-11-05,858.4,completed
2270,501,2023-07-22,224.28,failed
2271,485,2024-10-06,286.38,failed
2272,748,2024-01-13,873.87,completed
2273,254,2024-08-22,583.67,completed
2274,914,2024-01-22,946.79,failed
2275,936,2023-08-30,15.03,completed
2276,46,2025-01-18,475.95,completed
2277,788,2023-11-15,431.44,completed
2278,404,2025-01-10,800.04,completed
2279,842,2025-03-27,500.33,completed
2280,86,2025-06-02,22.3,completed
2281,750,2023-08-09,225.83,completed
2282,368,2025-05-24,651.16,completed
2283,93,2025-05-22,672.35,completed
2284,166,2023-10-01,859.34,completed
2285,766,2024-07-30,976.66,completed
2286,475,2024-02-11,875.46,completed
2287,416,2023-08-07,872.84,completed
2288,642,2023-11-29,637.07,completed
2289,882,2023-12-14,391.03,completed
2290,708,2023-12-27,42.39,completed
2291,437,2024-09-17,701.07,completed
2292,628,2025-02-01,796.53,completed
2293,807,2024-09-14,624.25,completed
2294,344,2024-06-25,64.26,completed
2295,969,2024-06-15,370.35,failed
2296,53,2023-09-05,371.93,completed
2297,634,2024-08-11,372.77,completed
2298,664,2025-05-05,76.34,completed
2299,727,2025-02-16,147.02,completed
2300,343,2023-07-30,122.42,completed
2301,490,2024-02-23,754.75,completed
2302,893,2025-02-23,217.7,failed
2303,763,2024-10-25,327.26,completed
2304,920,2023-08-16,683.42,completed
2305,284,2023-11-20,379.09,completed
2306,464,2024-06-26,531.42,completed
2307,126,2023-09-19,536.59,completed
2308,846,2024-05-29,299.34,completed
2309,636,2023-08-24,676.57,completed
2310,710,2024-06-24,941.47,failed
2311,68,2023-11-21,885.14,completed
2312,90,2023-09-06,898.97,completed
2313,296,2024-08-15,86.18,failed
2314,169,2024-09-20,700.11,completed
2315,509,2023-12-04,212.21,completed
2316,975,2024-09-27,300.24,completed
2317,993,2024-07-03,932.4,completed
2318,486,2024-02-08,449.42,completed
2319,661,2024-09-05,197.17,completed
2320,23,2023-06-28,240.0,failed
2321,971,2024-09-14,342.52,completed
2322,593,2024-05-19,649.59,completed
2323,335,2025-04-19,669.2,completed
2324,543,2025-05-23,450.8,failed
2325,312,2023-09-15,899.3,completed
2326,314,2024-12-31,267.41,completed
2327,496,2025-05-09,295.26,completed
2328,866,2024-05-29,359.59,completed
2329,467,2025-02-13,622.44,failed
2330,165,2024-11-01,292.39,completed
2331,997,2023-11-19,711.03,completed
2332,927,2024-09-20,161.95,completed
2333,244,2025-03-07,993.84,completed
2334,589,2024-10-26,267.8,completed
2335,189,2024-10-10,710.06,completed
2336,682,2025-01-27,350.41,completed
2337,382,2024-06-09,975.71,completed
2338,547,2023-06-21,921.23,completed
2339,415,2024-01-02,770.83,failed
2340,971,2025-01-27,327.02,completed
2341,5,2024-05-02,550.68,failed
2342,520,2024-09-30,708.4,completed
2343,486,2024-01-17,969.91,failed
2344,773,2024-07-07,577.99,failed
2345,151,2024-10-23,731.26,completed
2346,945,2023-11-05,692.26,completed
2347,750,2024-03-02,49.68,completed
2348,695,2024-07-19,315.0,completed
2349,412,2024-06-30,228.16,completed
2350,366,2024-07-24,64.48,completed
2351,657,2024-01-27,531.17,completed
2352,801,2024-11-03,285.15,failed
2353,24,2024-02-08,850.96,completed
2354,694,2024-01-12,96.5,completed
2355,525,2025-04-24,495.56,completed
2356,618,2024-08-07,943.97,completed
2357,931,2023-12-31,403.58,completed
2358,734,2024-03-11,375.93,failed
2359,382,2024-01-20,351.47,completed
2360,316,2024-11-28,875.56,failed
2361,90,2024-08-29,888.93,completed
2362,760,2024-07-15,805.65,failed
2363,296,2024-02-15,730.72,completed
2364,920,2024-10-19,897.46,completed
2365,143,2024-05-27,601.96,failed
2366,148,2023-09-15,479.87,completed
2367,889,2025-01-28,342.06,completed
2368,956,2023-11-09,758.55,failed
2369,91,2024-07-03,642.42,completed
2370,280,2023-06-26,560.26,completed
2371,728,2024-02-23,915.72,completed
2372,205,2025-05-14,387.95,completed
2373,568,2024-07-20,824.57,completed
2374,310,2024-06-20,310.88,failed
2375,573,2024-07-10,232.28,completed
2376,811,2023-10-25,270.05,completed
2377,979,2023-11-06,640.2,completed
2378,128,2023-08-10,893.76,completed
2379,428,2025-01-31,907.73,completed
2380,661,2024-05-21,128.16,completed
2381,284,2024-11-24,970.92,completed
2382,614,2024-02-12,585.26,completed
2383,580,2023-09-02,265.33,completed
2384,703,2025-06-08,697.3,completed
2385,123,2025-04-20,735.63,completed
2386,18,2024-05-30,171.22,failed
2387,60,2024-03-12,466.43,completed
2388,710,2024-10-28,171.68,completed
2389,280,2024-12-05,639.88,completed
2390,979,2024-08-12,296.96,completed
2391,543,2025-03-20,86.06,completed
2392,199,2023-11-09,191.42,completed
2393,97,2023-11-18,175.46,completed
2394,331,2025-02-14,828.55,failed
2395,702,2023-09-13,278.74,completed
2396,715,2025-02-02,104.88,completed
2397,594,2023-12-18,152.28,completed
2398,141,2023-12-03,379.28,completed
2399,497,2024-02-14,921.7,completed
2400,167,2024-07-14,163.01,completed
2401,227,2024-02-13,797.16,failed
2402,573,2024-02-24,833.1,completed
2403,539,2025-02-05,715.42,failed
2404,720,2024-08-05,122.83,completed
2405,472,2024-06-21,125.4,failed
2406,135,2023-09-08,484.72,failed
2407,320,2024-12-03,147.62,completed
2408,453,2024-02-09,601.67,failed
2409,782,2025-06-10,180.49,failed
2410,312,2024-10-06,816.43,completed
2411,228,2023-12-01,697.3,completed
2412,705,2024-09-06,134.09,completed
2413,134,2024-11-23,430.56,failed
2414,782,2023-10-19,86.96,completed
2415,794,2024-02-27,436.93,completed
2416,202,2023-10-20,795.12,completed
2417,526,2023-11-17,474.39,completed
2418,931,2025-02-05,75.58,completed
2419,684,2024-04-23,105.54,completed
2420,127,2025-02-20,213.35,failed
2421,923,2023-11-01,673.89,completed
2422,30,2025-04-13,847.4,completed
2423,965,2023-10-21,583.95,completed
2424,361,2024-10-06,505.63,completed
2425,747,2024-11-16,509.86,completed
2426,70,2023-10-21,582.35,completed
2427,15,2024-02-28,718.65,completed
2428,988,2024-07-26,902.64,completed
2429,551,2024-06-22,728.1,completed
2430,947,2024-11-09,509.15,completed
2431,725,2024-09-25,701.15,completed
2432,190,2025-02-22,958.17,completed
2433,186,2024-05-09,981.49,failed
2434,435,2025-02-15,235.28,completed
2435,116,2025-01-05,321.14,completed
2436,478,2024-01-16,144.55,completed
2437,781,2023-12-15,295.39,completed
2438,740,2025-06-14,334.83,completed
2439,119,2024-01-11,462.38,completed
2440,754,2024-06-21,976.42,completed
2441,455,2025-06-15,413.21,completed
2442,876,2025-04-16,858.21,completed
2443,917,2025-03-30,480.92,failed
2444,696,2024-02-11,22.66,completed
2445,691,2024-04-04,114.12,completed
2446,449,2023-10-11,679.75,completed
2447,123,2024-02-13,406.62,completed
2448,605,2024-03-06,744.02,failed
2449,914,2025-01-05,74.06,failed
2450,999,2024-03-21,208.26,completed
2451,865,2025-03-26,131.53,failed
2452,859,2025-01-19,504.12,completed
2453,784,2024-02-20,586.1,completed
2454,280,2024-06-04,802.97,completed
2455,966,2024-02-15,481.07,completed
2456,618,2024-05-16,987.65,failed
2457,524,2024-08-31,770.32,completed
2458,111,2024-04-21,494.45,completed
2459,237,2025-02-02,143.26,completed
2460,102,2024-05-09,832.01,completed
2461,511,2023-06-25,972.35,completed
2462,392,2025-02-02,333.69,completed
2463,311,2025-06-20,105.37,completed
2464,79,2024-04-29,524.75,completed
2465,505,2023-08-02,209.91,completed
2466,678,2024-05-03,509.75,completed
2467,556,2024-03-21,861.08,completed
2468,560,2024-11-03,766.33,completed
2469,441,2025-03-07,127.94,failed
2470,461,2023-10-07,382.57,completed
2471,471,2024-06-09,185.1,completed
2472,676,2025-02-05,310.01,failed
2473,724,2024-01-19,436.37,completed
2474,320,2023-07-06,492.58,completed
2475,113,2025-03-17,495.65,completed
2476,568,2024-12-19,576.49,completed
2477,488,2023-11-25,164.75,completed
2478,58,2023-11-30,499.74,completed
2479,995,2024-11-16,679.72,completed
2480,785,2024-12-28,327.28,failed
2481,29,2024-01-05,136.92,completed
2482,376,2024-02-04,744.64,completed
2483,28,2025-03-28,628.9,completed
2484,390,2024-04-06,351.69,completed
2485,366,2023-07-09,65.88,completed
2486,251,2024-02-25,651.6,completed
2487,607,2024-05-18,691.11,completed
2488,890,2025-02-24,344.22,completed
2489,21,2024-04-13,47.0,completed
2490,674,2024-02-28,572.37,failed
2491,924,2024-08-27,30.2,completed
2492,481,2024-08-28,985.91,completed
2493,387,2025-01-15,329.2,completed
2494,101,2023-11-22,109.06,failed
2495,692,2025-03-01,501.76,completed
2496,831,2023-12-04,346.14,completed
2497,630,2024-10-12,969.73,completed
2498,207,2024-07-15,848.86,completed
2499,807,2024-05-27,851.83,completed
2500,220,2025-04-16,57.06,completed
